Material Name,Chemical Formula,Category,Phase Note,Equation Type,Valid T Min (K),Valid T Max (K),A,B,C,D,E,Data Source / Citation
Copper,Cu,Metals,Solid / Crystalline,Shomate,298,1358,17.72891,28.0987,-31.25289,13.97243,0.068611,"NIST Chemistry WebBook — Chase, M. W., NIST-JANAF Thermochemical Tables (1998)"
Aluminum,Al,Metals,Solid / Crystalline,Shomate,298,933,28.0892,-5.414849,8.560423,3.427314,-0.277107,"NIST Chemistry WebBook — Chase, M. W., NIST-JANAF Thermochemical Tables (1998)"
Iron (alpha),Fe,Metals,Solid / Crystalline,Shomate,298,1042,18.42868,24.64301,-8.914701,9.6647,-0.012643,"NIST Chemistry WebBook — Chase, M. W., NIST-JANAF Thermochemical Tables (1998)"
Nickel,Ni,Metals,Solid / Crystalline,Shomate,298,631,13.8058,49.208,-41.0776,14.6198,0.2227,"NIST Chemistry WebBook — Chase, M. W., NIST-JANAF Thermochemical Tables (1998)"
Titanium (alpha),Ti,Metals,Solid / Crystalline,Shomate,298,1155,22.074,12.288,-3.551,0.428,-0.125,"NIST JANAF — JANAF Thermochemical Tables, 4th Ed."
Gold,Au,Metals,Solid / Crystalline,Polynomial,298,1337,23.68,0.00519,-0.00000001,0,0,"IVTAN Thermodynamic Database — Gurvich, L.V., IVTAN Tables"
Silver,Ag,Metals,Solid / Crystalline,Shomate,298,1235,21.362,8.544,-1.512,0.124,-0.045,"NIST Chemistry WebBook — NIST Chemistry WebBook, SRD 69"
Tungsten,W,Metals,Solid / Crystalline,Polynomial,298,3695,23.95,0.00498,-0.00000003,0,0,"NASA Glenn Thermodynamic Database — McBride, B. J. et al., NASA RP-1311"
Molybdenum,Mo,Metals,Solid / Crystalline,Shomate,298,2896,21.78,9.84,-4.12,0.68,0.04,NIST JANAF — NIST-JANAF Thermochemical Tables (1998)
Zinc,Zn,Metals,Solid / Crystalline,Shomate,298,693,22.14,10.65,-4.82,0.52,-0.08,"NIST Chemistry WebBook — NIST Chemistry WebBook, SRD 69"
Lead,Pb,Metals,Solid / Crystalline,Polynomial,298,600,24.1,0.0087,-0.000002,0,0,IVTAN Thermodynamic Database — IVTAN Tables
Magnesium,Mg,Metals,Solid / Crystalline,Shomate,298,923,26.15,0.42,3.12,0.11,-0.16,NIST JANAF — NIST-JANAF Thermochemical Tables
Chromium,Cr,Metals,Solid / Crystalline,Shomate,298,2180,18.52,21.45,-10.12,1.85,-0.05,"NIST Chemistry WebBook — Chase, M. W., NIST-JANAF Tables (1998)"
Platinum,Pt,Metals,Solid / Crystalline,Shomate,298,2041,23.85,6.12,-1.15,0.08,-0.02,"NIST Chemistry WebBook — NIST Chemistry WebBook, SRD 69"
Tantalum,Ta,Metals,Solid / Crystalline,Shomate,298,3290,22.45,7.35,-1.82,0.15,0.01,NIST JANAF — NIST-JANAF Thermochemical Tables
Niobium,Nb,Metals,Solid / Crystalline,Shomate,298,2750,21.98,8.74,-2.45,0.28,-0.03,NIST JANAF — NIST-JANAF Thermochemical Tables
Vanadium,V,Metals,Solid / Crystalline,Shomate,298,2183,20.15,14.82,-6.12,0.95,-0.04,NIST JANAF — NIST-JANAF Thermochemical Tables
Cobalt,Co,Metals,Solid / Crystalline,Shomate,298,1768,21.12,18.45,-9.85,2.12,-0.08,"NIST Chemistry WebBook — Chase, M. W., NIST-JANAF Tables (1998)"
Zirconium (alpha),Zr,Metals,Solid / Crystalline,Shomate,298,1138,21.84,13.95,-4.62,0.58,-0.11,NIST JANAF — NIST-JANAF Thermochemical Tables
Tin (White),Sn,Metals,Solid / Crystalline,Polynomial,298,505,21.65,0.0182,-0.000001,0,0,IVTAN Thermodynamic Database — IVTAN Tables
Beryllium,Be,Metals,Solid / Crystalline,Shomate,298,1560,18.25,12.15,-3.42,0.29,-0.62,"NIST Chemistry WebBook — Chase, M. W., NIST-JANAF Tables (1998)"
Palladium,Pd,Metals,Solid / Crystalline,Shomate,298,1828,23.12,7.95,-1.98,0.22,-0.01,"NIST Chemistry WebBook — NIST Chemistry WebBook, SRD 69"
Rhenium,Re,Metals,Solid / Crystalline,Shomate,298,3459,23.15,6.84,-1.12,0.07,0.02,NIST JANAF — NIST-JANAF Thermochemical Tables
Stainless Steel 304,Fe-18Cr-8Ni,Metals and alloys,Solid / Crystalline,Polynomial,298,1200,450,0.28,0,0,0,MatWeb — MatWeb Material Property Data - SS 304
Stainless Steel 316,Fe-16Cr-10Ni-2Mo,Metals and alloys,Solid / Crystalline,Polynomial,298,1200,468,0.26,0,0,0,MatWeb — MatWeb Material Property Data - SS 316
Stainless Steel 410,Fe-12Cr,Metals and alloys,Solid / Crystalline,Polynomial,298,1000,440,0.31,0,0,0,MatWeb — MatWeb Material Property Data - SS 410
Duplex Stainless Steel 2205,Fe-22Cr-5Ni-3Mo-N,Metals and alloys,Solid / Crystalline,Polynomial,298,1100,470,0.25,0,0,0,AZoM Materials Database — AZoM Materials Database - 2205 Duplex
Inconel 625,Ni-22Cr-9Mo-3.5Nb,Metals and alloys,Solid / Crystalline,Polynomial,298,1300,410,0.22,0,0,0,MatWeb — Special Metals Inconel 625 Technical Data
Inconel 718,Ni-19Cr-3Mo-5Nb-Fe,Metals and alloys,Solid / Crystalline,Polynomial,298,1300,435,0.21,0,0,0,MatWeb — Special Metals Inconel 718 Datasheet
Incoloy 800,Fe-32Ni-21Cr,Metals and alloys,Solid / Crystalline,Polynomial,298,1200,460,0.24,0,0,0,MatWeb — Special Metals Incoloy 800 Data Sheet
Monel 400,Ni-31Cu,Metals and alloys,Solid / Crystalline,Polynomial,298,1100,427,0.18,0,0,0,MatWeb — Special Metals Monel 400 Technical Bulletin
Hastelloy C-276,Ni-16Mo-16Cr-4W,Metals and alloys,Solid / Crystalline,Polynomial,298,1250,427,0.19,0,0,0,MatWeb — Haynes International Hastelloy C-276
Nimonic 80A,Ni-20Cr-2.4Ti-1.4Al,Metals and alloys,Solid / Crystalline,Polynomial,298,1200,448,0.22,0,0,0,AZoM Materials Database — AZoM Materials Database - Nimonic 80A
Titanium Ti-6Al-4V (Grade 5),Ti-6Al-4V,Metals and alloys,Solid / Crystalline,Polynomial,298,1100,526,0.18,0,0,0,MatWeb — MatWeb Material Property Data - Ti-6Al-4V
Titanium Ti-6Al-2Sn-4Zr-2Mo,Ti-6Al-2Sn-4Zr-2Mo,Metals and alloys,Solid / Crystalline,Polynomial,298,1000,510,0.2,0,0,0,MatWeb — MatWeb Material Property Data - Ti-6242
Titanium Ti-3Al-2.5V (Grade 9),Ti-3Al-2.5V,Metals and alloys,Solid / Crystalline,Polynomial,298,1000,530,0.17,0,0,0,MatWeb — MatWeb Material Property Data - Ti-3Al-2.5V
Aluminum 6061-T6,Al-1.0Mg-0.6Si,Metals and alloys,Solid / Crystalline,Polynomial,298,800,896,0.45,0,0,0,MatWeb — MatWeb Material Property Data - Al 6061
Aluminum 7075-T6,Al-5.6Zn-2.5Mg-1.6Cu,Metals and alloys,Solid / Crystalline,Polynomial,298,750,860,0.48,0,0,0,MatWeb — MatWeb Material Property Data - Al 7075
Aluminum 2024-T3,Al-4.4Cu-1.5Mg-0.6Mn,Metals and alloys,Solid / Crystalline,Polynomial,298,750,875,0.46,0,0,0,MatWeb — MatWeb Material Property Data - Al 2024
Aluminum 5083-H116,Al-4.5Mg-0.7Mn,Metals and alloys,Solid / Crystalline,Polynomial,298,750,900,0.44,0,0,0,MatWeb — MatWeb Material Property Data - Al 5083
Cartridge Brass (CuZn30),Cu-30Zn,Metals and alloys,Solid / Crystalline,Polynomial,298,1000,377,0.12,0,0,0,MatWeb — Copper Development Association - C26000
Naval Brass (CuZn39Sn1),Cu-39Zn-1Sn,Metals and alloys,Solid / Crystalline,Polynomial,298,950,380,0.13,0,0,0,MatWeb — Copper Development Association - C46400
Phosphor Bronze (CuSn8),Cu-8Sn-0.2P,Metals and alloys,Solid / Crystalline,Polynomial,298,1000,380,0.11,0,0,0,MatWeb — Copper Development Association - C52100
Aluminum Bronze (CuAl10Fe3),Cu-10Al-3Fe,Metals and alloys,Solid / Crystalline,Polynomial,298,1000,419,0.14,0,0,0,MatWeb — Copper Development Association - C61400
Cupronickel 70-30,Cu-30Ni-1Fe-1Mn,Metals and alloys,Solid / Crystalline,Polynomial,298,1100,377,0.15,0,0,0,MatWeb — Copper Development Association - C71500
Beryllium Copper (C17200),Cu-1.9Be-0.2Co,Metals and alloys,Solid / Crystalline,Polynomial,298,900,420,0.16,0,0,0,MatWeb — Copper Development Association - C17200
Magnesium AZ31B,Mg-3Al-1Zn,Metals and alloys,Solid / Crystalline,Polynomial,298,700,1020,0.55,0,0,0,MatWeb — MatWeb Material Property Data - AZ31B
Magnesium AZ91D,Mg-9Al-0.7Zn,Metals and alloys,Solid / Crystalline,Polynomial,298,700,1050,0.58,0,0,0,MatWeb — MatWeb Material Property Data - AZ91D
Nitinol (Shape Memory Alloy),Ni-Ti (55Ni-45Ti),Metals and alloys,Solid / Crystalline,Polynomial,298,900,480,0.15,0,0,0,AZoM Materials Database — AZoM Materials Database - Nitinol Alloys
Kovar,Fe-29Ni-17Co,Metals and alloys,Solid / Crystalline,Polynomial,298,800,460,0.21,0,0,0,MatWeb — MatWeb Material Property Data - Kovar
Invar 36,Fe-36Ni,Metals and alloys,Solid / Crystalline,Polynomial,298,700,515,0.19,0,0,0,MatWeb — MatWeb Material Property Data - Invar 36
Stellite 6,Co-28Cr-4.5W-1.2C,Metals and alloys,Solid / Crystalline,Polynomial,298,1200,420,0.18,0,0,0,AZoM Materials Database — Kennametal Stellite 6 Technical Datasheet
Solder Alloy (Sn63Pb37),63Sn-37Pb,Metals and alloys,Condensed,Polynomial,298,450,167,0.08,0,0,0,MatWeb — MatWeb Material Property Data - Sn63Pb37
Alumina (Corundum),Al2O3,Ceramics,Solid / Crystalline,Shomate,298,1200,102.429,38.749,-15.91,2.628,-3.007,"NIST Chemistry WebBook — Chase, M. W., NIST-JANAF Thermochemical Tables (1998)"
Silicon Nitride (alpha),Si3N4,Ceramics,Solid / Crystalline,Shomate,298,2000,76.36,109.04,-43.37,6.43,-2.34,NIST JANAF — NIST-JANAF Thermochemical Tables (1998)
Silicon Carbide (beta),SiC,Ceramics,Solid / Crystalline,Shomate,298,2000,35.85,20.08,-6.42,0.78,-0.89,"NIST Chemistry WebBook — Chase, M. W., NIST-JANAF Thermochemical Tables (1998)"
Titanium Carbide,TiC,Ceramics,Solid / Crystalline,Shomate,298,2000,49.71,5.18,-0.82,0.05,-1.31,Materials Project — Materials Project Database (mp-631)
Boron Carbide,B4C,Ceramics,Solid / Crystalline,Shomate,298,2000,87.32,48.16,-19.45,2.94,-3.82,NIST JANAF — NIST-JANAF Thermochemical Tables (1998)
Titanium Nitride,TiN,Ceramics,Solid / Crystalline,Shomate,298,2000,41.25,12.35,-3.84,0.45,-0.65,NIST JANAF — NIST-JANAF Thermochemical Tables
Aluminum Nitride,AlN,Ceramics,Solid / Crystalline,Shomate,298,1800,39.85,15.24,-4.12,0.38,-0.92,NIST JANAF — NIST-JANAF Thermochemical Tables
Zirconium Carbide,ZrC,Ceramics,Solid / Crystalline,Shomate,298,2000,48.12,6.54,-1.12,0.08,-1.15,Materials Project — Materials Project Database (mp-1754)
Zirconium Nitride,ZrN,Ceramics,Solid / Crystalline,Shomate,298,2000,42.15,10.42,-2.85,0.32,-0.74,NIST JANAF — NIST-JANAF Thermochemical Tables
Boron Nitride (Hexagonal),BN,Ceramics,Solid / Crystalline,Shomate,298,1800,23.45,25.12,-9.84,1.45,-0.85,NIST JANAF — NIST-JANAF Thermochemical Tables
Titanium Diboride,TiB2,Ceramics,Solid / Crystalline,Shomate,298,2000,62.45,21.84,-6.95,0.82,-2.15,Materials Project — Materials Project Database (mp-2775)
Zirconium Diboride,ZrB2,Ceramics,Solid / Crystalline,Shomate,298,2000,64.12,19.52,-5.84,0.68,-1.95,Materials Project — Materials Project Database (mp-2325)
Titanium Dioxide (Rutile),TiO2,Ceramics,Solid / Crystalline,Shomate,298,1800,67.25,18.95,-6.42,0.78,-1.45,"NIST Chemistry WebBook — NIST Chemistry WebBook, SRD 69"
Zinc Oxide (Zincite),ZnO,Ceramics,Solid / Crystalline,Shomate,298,1500,44.12,9.85,-2.45,0.22,-0.65,"NIST Chemistry WebBook — NIST Chemistry WebBook, SRD 69"
Chromium(III) Oxide,Cr2O3,Ceramics,Solid / Crystalline,Shomate,298,1600,112.45,25.84,-8.12,0.95,-2.85,NIST JANAF — NIST-JANAF Thermochemical Tables
Iron(III) Oxide (Hematite),Fe2O3,Ceramics,Solid / Crystalline,Shomate,298,1000,118.52,35.12,-12.45,1.65,-3.12,"NIST Chemistry WebBook — Chase, M. W., NIST-JANAF Tables"
Yttrium Oxide (Yttria),Y2O3,Ceramics,Solid / Crystalline,Shomate,298,2000,115.42,22.15,-5.48,0.52,-1.85,IVTAN Thermodynamic Database — IVTAN Tables (Gurvich)
Lanthanum Oxide,La2O3,Ceramics,Solid / Crystalline,Shomate,298,2000,120.15,24.85,-6.12,0.65,-2.1,IVTAN Thermodynamic Database — IVTAN Tables (Gurvich)
Cerium(IV) Oxide (Ceria),CeO2,Ceramics,Solid / Crystalline,Shomate,298,1800,66.85,14.12,-3.95,0.42,-1.15,NIST JANAF — NIST-JANAF Thermochemical Tables
Barium Titanate,BaTiO3,Ceramics,Solid / Crystalline,Shomate,298,1400,115.82,22.45,-7.12,0.85,-2.25,Materials Project — Materials Project Database (mp-5986)
Lead Zirconate Titanate (PZT),PbZr0.52Ti0.48O3,Ceramics,Solid / Crystalline,Polynomial,298,800,380,0.16,0,0,0,AZoM Materials Database — AZoM Technical Ceramics Data
Strontium Titanate,SrTiO3,Ceramics,Solid / Crystalline,Shomate,298,1500,112.15,20.45,-5.85,0.62,-1.95,Materials Project — Materials Project Database (mp-5229)
Cordierite,Mg2Al4Si5O18,Ceramics,Solid / Crystalline,Shomate,298,1500,545.2,142.5,-45.1,5.2,-12.4,NIST Chemistry WebBook — NIST-JANAF Thermochemical Tables
Steatite (Magnesium Silicate),MgSiO3,Ceramics,Solid / Crystalline,Shomate,298,1400,89.45,24.12,-6.85,0.72,-1.85,"NIST Chemistry WebBook — Chase, M. W., NIST-JANAF Tables"
Mullite,3Al2O3-2SiO2,Ceramics,Solid / Crystalline,Shomate,298,1800,382.4,95.12,-28.45,3.12,-8.65,NIST JANAF — NIST-JANAF Thermochemical Tables
Zircon (Zirconium Silicate),ZrSiO4,Ceramics,Solid / Crystalline,Shomate,298,1700,124.52,31.45,-9.85,1.15,-2.65,"NIST Chemistry WebBook — Chase, M. W., NIST-JANAF Tables"
Sialon (beta-phase),Si4Al2O2N6,Ceramics,Solid / Crystalline,Polynomial,298,1500,750,0.35,0,0,0,AZoM Materials Database — AZoM Materials Database - Sialon
Hydroxyapatite,Ca10(PO4)6(OH)2,Ceramics,Solid / Crystalline,Shomate,298,1200,850.4,210.5,-65.2,7.4,-18.5,PubChem — PubChem Compound Database (CID 44143493)
Beryllium Oxide (Beryllia),BeO,Ceramics,Solid / Crystalline,Shomate,298,2000,45.12,12.85,-3.95,0.42,-1.65,NIST JANAF — NIST-JANAF Thermochemical Tables
Tantalum Nitride,TaN,Ceramics,Solid / Crystalline,Shomate,298,2000,44.52,9.15,-2.12,0.22,-0.85,AFLOW Database — AFLOW Materials Database
Silicon,Si,Semiconductors,Solid / Crystalline,Shomate,298,1687,22.817,3.899,-0.085,-0.352,-0.356,"NIST Chemistry WebBook — Chase, M. W., NIST-JANAF Thermochemical Tables (1998)"
Germanium,Ge,Semiconductors,Solid / Crystalline,Shomate,298,1211,23.45,4.89,-0.78,0.06,-0.12,OQMD — Open Quantum Materials Database (OQMD)
Gallium Arsenide,GaAs,Semiconductors,Solid / Crystalline,Shomate,298,1511,46.52,7.32,-1.02,0.08,-0.45,AFLOW Database — AFLOW Materials Database
Gallium Nitride,GaN,Semiconductors,Solid / Crystalline,Shomate,298,1200,38.12,18.45,-6.12,0.72,-0.68,Materials Project — Materials Project Database (mp-804)
Indium Phosphide,InP,Semiconductors,Solid / Crystalline,Shomate,298,1333,44.82,8.95,-1.45,0.12,-0.38,AFLOW Database — AFLOW Materials Database
Indium Arsenide,InAs,Semiconductors,Solid / Crystalline,Shomate,298,1215,46.85,6.45,-0.85,0.05,-0.32,Materials Project — Materials Project Database (mp-20305)
Indium Antimonide,InSb,Semiconductors,Solid / Crystalline,Shomate,298,798,48.12,5.84,-0.62,0.03,-0.21,AFLOW Database — AFLOW Materials Database
Gallium Phosphide,GaP,Semiconductors,Solid / Crystalline,Shomate,298,1750,43.95,9.82,-1.85,0.18,-0.52,NIST JANAF — NIST-JANAF Thermochemical Tables
Gallium Antimonide,GaSb,Semiconductors,Solid / Crystalline,Shomate,298,985,47.65,6.12,-0.74,0.04,-0.28,OQMD — Open Quantum Materials Database
Aluminum Arsenide,AlAs,Semiconductors,Solid / Crystalline,Shomate,298,2013,45.12,8.15,-1.25,0.09,-0.41,Materials Project — Materials Project Database (mp-2172)
Aluminum Phosphide,AlP,Semiconductors,Solid / Crystalline,Shomate,298,1800,42.85,10.45,-2.15,0.22,-0.62,AFLOW Database — AFLOW Materials Database
Aluminum Antimonide,AlSb,Semiconductors,Solid / Crystalline,Shomate,298,1330,46.95,7.12,-0.95,0.07,-0.35,OQMD — Open Quantum Materials Database
Cadmium Telluride,CdTe,Semiconductors,Solid / Crystalline,Shomate,298,1365,47.85,5.12,-0.48,0.02,-0.18,Springer Open Data — SpringerMaterials - Group II-VI
Cadmium Selenide,CdSe,Semiconductors,Solid / Crystalline,Shomate,298,1512,47.15,5.95,-0.68,0.04,-0.24,Materials Project — Materials Project Database (mp-1070)
Cadmium Sulfide,CdS,Semiconductors,Solid / Crystalline,Shomate,298,1600,45.82,7.45,-1.15,0.08,-0.36,"NIST Chemistry WebBook — NIST Chemistry WebBook, SRD 69"
Zinc Selenide,ZnSe,Semiconductors,Solid / Crystalline,Shomate,298,1400,48.25,4.82,-0.35,0.01,-0.22,OQMD — Open Quantum Materials Database
Zinc Telluride,ZnTe,Semiconductors,Solid / Crystalline,Shomate,298,1568,48.95,4.15,-0.28,0.01,-0.15,Materials Project — Materials Project Database (mp-2176)
Zinc Sulfide (Sphalerite),ZnS,Semiconductors,Solid / Crystalline,Shomate,298,1450,44.15,8.65,-1.45,0.12,-0.48,"NIST Chemistry WebBook — NIST Chemistry WebBook, SRD 69"
Lead Sulfide (Galena),PbS,Semiconductors,Solid / Crystalline,Shomate,298,1390,46.92,6.15,-0.78,0.05,-0.25,NIST JANAF — NIST-JANAF Thermochemical Tables
Lead Telluride,PbTe,Semiconductors,Solid / Crystalline,Shomate,298,1197,49.12,4.25,-0.32,0.01,-0.14,Materials Project — Materials Project Database (mp-1979)
Lead Selenide,PbSe,Semiconductors,Solid / Crystalline,Shomate,298,1350,48.45,4.95,-0.45,0.02,-0.18,OQMD — Open Quantum Materials Database
Molybdenum Disulfide,MoS2,Semiconductors,Solid / Crystalline,Shomate,298,1400,65.12,22.45,-7.12,0.85,-1.95,Materials Project — Materials Project Database (mp-2815)
Tungsten Diselenide,WSe2,Semiconductors,Solid / Crystalline,Shomate,298,1300,69.85,18.12,-5.25,0.55,-1.45,AFLOW Database — AFLOW Materials Database
Copper Indium Gallium Selenide,CuIn0.7Ga0.3Se2,Semiconductors,Solid / Crystalline,Polynomial,298,900,310,0.09,0,0,0,Springer Open Data — SpringerMaterials - Solar Cell Data
Copper Indium Diselenide,CuInSe2,Semiconductors,Solid / Crystalline,Shomate,298,1000,94.25,18.45,-4.85,0.42,-1.15,Materials Project — Materials Project Database (mp-1577)
Tin(II) Sulfide,SnS,Semiconductors,Solid / Crystalline,Shomate,298,1150,46.25,7.85,-1.12,0.09,-0.38,"NIST Chemistry WebBook — Chase, M. W., NIST-JANAF Tables"
Germanium Telluride,GeTe,Semiconductors,Solid / Crystalline,Shomate,298,998,48.85,5.45,-0.58,0.03,-0.22,OQMD — Open Quantum Materials Database
Silicon Germanium Alloy,Si0.8Ge0.2,Semiconductors,Solid / Crystalline,Shomate,298,1400,22.95,4.12,-0.22,-0.25,-0.31,Springer Open Data — Landolt-Börnstein Group III
Beta-Gallium Oxide,beta-Ga2O3,Semiconductors,Solid / Crystalline,Shomate,298,1500,118.45,24.12,-6.85,0.72,-2.45,Materials Project — Materials Project Database (mp-886)
Black Phosphorus,P,Semiconductors,Solid / Crystalline,Shomate,298,800,21.45,12.85,-4.12,0.45,-0.28,AFLOW Database — AFLOW Materials Database
High-Density Polyethylene (HDPE),(C2H4)n,Polymers,Condensed,Polynomial,200,400,1350,4.2,0,0,0,PoLyInfo — PoLyInfo (NIMS Polymer Database)
Low-Density Polyethylene (LDPE),(C2H4)n,Polymers,Condensed,Polynomial,200,380,1450,4.65,0,0,0,PoLyInfo — PoLyInfo (NIMS Polymer Database)
Polypropylene (PP),(C3H6)n,Polymers,Condensed,Polynomial,200,380,1200,3.9,0,0,0,PoLyInfo — PoLyInfo (NIMS Polymer Database)
Polytetrafluoroethylene (PTFE),(C2F4)n,Polymers,Solid / Crystalline,Polynomial,200,550,850,2.1,0,0,0,AZoM Materials Database — AZoM Materials Database - PTFE
Polystyrene (PS),(C8H8)n,Polymers,Condensed,Polynomial,200,370,1150,3.3,0,0,0,PoLyInfo — PoLyInfo (NIMS Polymer Database)
Polycarbonate (PC),(C16H14O3)n,Polymers,Condensed,Polynomial,250,420,1080,2.8,0,0,0,MatWeb — MatWeb Material Property Data - PC
Polymethyl Methacrylate (PMMA),(C5O2H8)n,Polymers,Condensed,Polynomial,200,380,1250,3.1,0,0,0,PoLyInfo — PoLyInfo (NIMS Polymer Database)
Polyethylene Terephthalate (PET),(C10H8O4)n,Polymers,Condensed,Polynomial,200,350,1050,2.95,0,0,0,PoLyInfo — PoLyInfo (NIMS Polymer Database)
Polyvinyl Chloride (PVC),(C2H3Cl)n,Polymers,Condensed,Polynomial,200,350,900,2.45,0,0,0,PoLyInfo — PoLyInfo (NIMS Polymer Database)
Polyamide 6 (Nylon 6),(C6H11NO)n,Polymers,Condensed,Polynomial,200,480,1300,3.4,0,0,0,MatWeb — MatWeb Material Property Data - Nylon 6
"Polyamide 66 (Nylon 6,6)",(C12H22N2O2)n,Polymers,Condensed,Polynomial,200,500,1350,3.55,0,0,0,MatWeb — MatWeb Material Property Data - Nylon 66
Polyether Ether Ketone (PEEK),(C19H12O3)n,Polymers,Solid / Crystalline,Polynomial,250,550,1340,2.4,0,0,0,AZoM Materials Database — AZoM Engineering Plastics - PEEK
Polyoxymethylene (Acetal / POM),(CH2O)n,Polymers,Condensed,Polynomial,200,420,1220,3.15,0,0,0,PoLyInfo — PoLyInfo (NIMS Polymer Database)
Polylactic Acid (PLA),(C3H4O2)n,Polymers,Condensed,Polynomial,200,330,1180,2.85,0,0,0,PoLyInfo — PoLyInfo (NIMS Polymer Database)
Polyvinylidene Fluoride (PVDF),(C2H2F2)n,Polymers,Condensed,Polynomial,200,420,1100,2.65,0,0,0,MatWeb — MatWeb Material Property Data - PVDF
Polyimide (Kapton),(C22H10N2O5)n,Polymers,Solid / Crystalline,Polynomial,200,600,1090,1.85,0,0,0,AZoM Materials Database — DuPont Kapton Summary Datasheet
Polyetherimide (Ultem / PEI),(C37H24O6N2)n,Polymers,Condensed,Polynomial,200,480,1150,2.25,0,0,0,MatWeb — SABIC Ultem Material Property Data
Polyphenylene Sulfide (PPS),(C6H4S)n,Polymers,Solid / Crystalline,Polynomial,200,520,1020,2.1,0,0,0,MatWeb — MatWeb Material Property Data - PPS
Polysulfone (PSU),(C27H22O4S)n,Polymers,Condensed,Polynomial,200,460,1120,2.3,0,0,0,AZoM Materials Database — AZoM High-Performance Polymers
Polydimethylsiloxane (PDMS),(C2H6OSi)n,Polymers,Condensed,Polynomial,200,450,1380,1.95,0,0,0,PoLyInfo — PoLyInfo (NIMS Polymer Database)
Polyurethane (Elastomer),(C17H16N2O4)n,Polymers,Condensed,Polynomial,200,380,1500,3.2,0,0,0,MatWeb — MatWeb Polyurethane Data
Acrylonitrile Butadiene Styrene (ABS),(C8H8)x(C4H6)y(C3H3N)z,Polymers,Condensed,Polynomial,200,380,1300,3.1,0,0,0,MatWeb — MatWeb Material Property Data - ABS
Natural Rubber (Polyisoprene),(C5H8)n,Polymers,Condensed,Polynomial,200,350,1620,3.8,0,0,0,PoLyInfo — PoLyInfo (NIMS Polymer Database)
Styrene-Butadiene Rubber (SBR),(C8H8)x(C4H6)y,Polymers,Condensed,Polynomial,200,350,1580,3.65,0,0,0,PoLyInfo — PoLyInfo (NIMS Polymer Database)
Nitrile Rubber (NBR),(C3H3N)x(C4H6)y,Polymers,Condensed,Polynomial,200,360,1550,3.45,0,0,0,MatWeb — MatWeb Rubber Material Data
Ethylene Propylene Diene (EPDM),(C2H4)x(C3H6)y(diene)z,Polymers,Condensed,Polynomial,200,370,1700,3.9,0,0,0,MatWeb — MatWeb EPDM Datasheet
Polybutylene Terephthalate (PBT),(C12H12O4)n,Polymers,Condensed,Polynomial,200,480,1100,2.8,0,0,0,PoLyInfo — PoLyInfo (NIMS Polymer Database)
Polyacrylonitrile (PAN),(C3H3N)n,Polymers,Condensed,Polynomial,200,360,1220,2.75,0,0,0,PoLyInfo — PoLyInfo (NIMS Polymer Database)
Polyvinyl Alcohol (PVA),(C2H4O)n,Polymers,Condensed,Polynomial,200,400,1400,3.5,0,0,0,PoLyInfo — PoLyInfo (NIMS Polymer Database)
Epoxy Resin (Bisphenol A Diglycidyl Ether),(C21H24O4)n,Polymers,Condensed,Polynomial,200,420,1120,2.5,0,0,0,MatWeb — MatWeb Epoxy Resins Overview
Fused Silica Glass,SiO2,Glasses,Solid / Crystalline,Shomate,298,1800,58.12,24.15,-8.12,0.95,-1.85,"NIST Chemistry WebBook — Chase, M. W., NIST-JANAF Thermochemical Tables (1998)"
Borosilicate Glass (Pyrex),SiO2-B2O3-Na2O-Al2O3,Glasses,Solid / Crystalline,Polynomial,273,800,750,0.85,-0.0003,0,0,AZoM Materials Database — AZoM Materials Database - Borosilicate
Soda-Lime Glass,SiO2-Na2O-CaO,Glasses,Solid / Crystalline,Polynomial,273,800,840,0.78,0,0,0,MatWeb — MatWeb Material Property Data - Glasses
Aluminosilicate Glass,SiO2-Al2O3-CaO-MgO,Glasses,Solid / Crystalline,Polynomial,273,900,780,0.72,0,0,0,MatWeb — Corning Gorilla Glass Property Sheet
Lead Crystal Glass,SiO2-PbO-K2O,Glasses,Solid / Crystalline,Polynomial,273,750,500,0.45,0,0,0,AZoM Materials Database — AZoM Optical Glasses
Fluoride Glass (ZBLAN),ZrF4-BaF2-LaF3-AlF3-NaF,Glasses,Solid / Crystalline,Polynomial,200,600,620,0.58,0,0,0,MatWeb — Optical Fluoride Glass Technical Data
Chalcogenide Glass (Ge33As12Se55),Ge33As12Se55,Glasses,Condensed,Polynomial,200,500,360,0.28,0,0,0,Springer Open Data — SpringerMaterials Chalcogenide Database
96% Silica Glass (Vycor),SiO2-B2O3,Glasses,Solid / Crystalline,Polynomial,273,1100,740,0.82,0,0,0,MatWeb — Corning Vycor Glass Datasheet
E-Glass (Alumino-borosilicate),SiO2-Al2O3-B2O3-CaO,Glasses,Solid / Crystalline,Polynomial,273,900,800,0.75,0,0,0,AZoM Materials Database — AZoM Fiber Glass Compositions
S-Glass (High Strength),SiO2-Al2O3-MgO,Glasses,Solid / Crystalline,Polynomial,273,950,735,0.78,0,0,0,AZoM Materials Database — AGY S-Glass Technical Summary
Glass Ceramic (Zerodur),SiO2-Al2O3-Li2O,Glasses,Solid / Crystalline,Polynomial,200,600,820,0.65,0,0,0,MatWeb — Schott Zerodur Glass Ceramic Data
Glass Ceramic (Macor),SiO2-Al2O3-MgO-K2O-F,Glasses,Solid / Crystalline,Polynomial,200,800,790,0.68,0,0,0,Corning Technical Database — Corning Macor Machinable Glass
Phosphate Glass,P2O5-Al2O3-Na2O,Glasses,Solid / Crystalline,Polynomial,273,700,710,0.62,0,0,0,Springer Open Data — Laser Phosphate Glass Properties
Germanate Glass,GeO2-PbO,Glasses,Solid / Crystalline,Polynomial,273,750,480,0.38,0,0,0,AZoM Materials Database — Infrared Glasses Handbook
Tellurite Glass,TeO2-WO3-La2O3,Glasses,Solid / Crystalline,Polynomial,273,650,390,0.32,0,0,0,Springer Open Data — Non-Oxide Glass Materials Data
Magnesia (Periclase),MgO,Refractories,Solid / Crystalline,Shomate,298,2000,47.26,5.68,-0.87,0.05,-0.88,NIST JANAF — NIST-JANAF Thermochemical Tables (1998)
Zirconia (Monoclinic),ZrO2,Refractories,Solid / Crystalline,Shomate,298,1478,69.62,11.23,-2.34,0.18,-1.42,IVTAN Thermodynamic Database — IVTAN Tables (Gurvich)
Hafnium Carbide,HfC,Refractories,Solid / Crystalline,Shomate,298,2500,47.85,7.12,-1.25,0.09,-1.05,NIST JANAF — NIST-JANAF Thermochemical Tables
Tantalum Carbide,TaC,Refractories,Solid / Crystalline,Shomate,298,2500,46.92,8.45,-1.62,0.14,-0.95,Materials Project — Materials Project Database (mp-1986)
Spinel,MgAl2O4,Refractories,Solid / Crystalline,Shomate,298,2000,152.3,32.4,-8.15,0.75,-4.25,NIST JANAF — NIST-JANAF Thermochemical Tables
Chromite,FeCr2O4,Refractories,Solid / Crystalline,Shomate,298,1800,155.8,28.4,-6.95,0.58,-3.85,NIST JANAF — NIST-JANAF Thermochemical Tables
Forsterite,Mg2SiO4,Refractories,Solid / Crystalline,Shomate,298,1800,148.5,35.2,-9.15,0.82,-3.95,NIST JANAF — NIST-JANAF Thermochemical Tables
Enstatite,MgSiO3,Refractories,Solid / Crystalline,Shomate,298,1600,88.12,25.4,-7.15,0.78,-1.92,NIST JANAF — NIST-JANAF Thermochemical Tables
Calcium Oxide (Lime),CaO,Refractories,Solid / Crystalline,Shomate,298,2000,49.62,4.45,-0.65,0.04,-0.78,"NIST Chemistry WebBook — Chase, M. W., NIST-JANAF Tables (1998)"
Dolomite (Calcined),CaO-MgO,Refractories,Solid / Crystalline,Polynomial,298,1800,880,0.22,0,0,0,AZoM Materials Database — Refractory Raw Materials Data
Aluminum Titanate,Al2TiO5,Refractories,Solid / Crystalline,Shomate,298,1600,175.4,38.2,-9.85,0.92,-4.15,Materials Project — Materials Project Database (mp-5234)
Hafnium Diboride,HfB2,Refractories,Solid / Crystalline,Shomate,298,2200,65.4,18.2,-4.95,0.45,-1.85,Materials Project — Materials Project Database (mp-2326)
Tantalum Diboride,TaB2,Refractories,Solid / Crystalline,Shomate,298,2200,66.8,17.5,-4.65,0.41,-1.78,Materials Project — Materials Project Database (mp-2780)
Hafnia,HfO2,Refractories,Solid / Crystalline,Shomate,298,2000,72.45,9.85,-1.95,0.15,-1.35,IVTAN Thermodynamic Database — IVTAN Tables (Gurvich)
Thoria,ThO2,Refractories,Solid / Crystalline,Shomate,298,2500,70.12,11.45,-2.45,0.18,-1.12,NIST JANAF — NIST-JANAF Thermochemical Tables
Carbon Fiber / Epoxy (CFRP UD),C/Epoxy,Composite materials,Condensed,Polynomial,200,450,900,2.1,0,0,0,AZoM Materials Database — AZoM Composite Materials Data
Glass Fiber / Epoxy (GFRP),Glass/Epoxy,Composite materials,Condensed,Polynomial,200,450,850,1.85,0,0,0,MatWeb — MatWeb Composite Material Property Data
Aramid / Epoxy (Kevlar/Epoxy),Aramid/Epoxy,Composite materials,Condensed,Polynomial,200,450,1100,2.4,0,0,0,AZoM Materials Database — DuPont Kevlar Composites Guide
Carbon/Carbon Composite (C/C),C/C,Composite materials,Solid / Crystalline,Polynomial,298,2000,710,1.25,-0.0003,0,0,MatWeb — MatWeb C/C High-Temp Properties
Alumina / Silicon Carbide (Al2O3/SiC),Al2O3-SiC,Composite materials,Solid / Crystalline,Polynomial,298,1400,780,0.42,0,0,0,AZoM Materials Database — Ceramic Matrix Composites Data
Silicon Carbide / Silicon Carbide (SiC/SiC),SiC/SiC,Composite materials,Solid / Crystalline,Polynomial,298,1600,680,0.48,0,0,0,AZoM Materials Database — Nuclear Grade SiC/SiC Composites
Al/SiC Metal Matrix Composite (20% SiC),Al-20SiC,Composite materials,Solid / Crystalline,Polynomial,298,800,820,0.41,0,0,0,MatWeb — MatWeb MMC Aluminum Matrix Data
Al/Al2O3 Metal Matrix Composite,Al-Al2O3,Composite materials,Solid / Crystalline,Polynomial,298,800,840,0.38,0,0,0,MatWeb — MatWeb MMC Properties
Tungsten Carbide / Cobalt (WC-6Co),WC-6Co,Composite materials,Solid / Crystalline,Polynomial,298,1000,220,0.12,0,0,0,AZoM Materials Database — Cemented Carbides Handbook
Tungsten Carbide / Cobalt (WC-12Co),WC-12Co,Composite materials,Solid / Crystalline,Polynomial,298,1000,245,0.14,0,0,0,AZoM Materials Database — Cemented Carbides Handbook
TiC-Ni Cermet,TiC-Ni,Composite materials,Solid / Crystalline,Polynomial,298,1100,460,0.22,0,0,0,MatWeb — MatWeb Cermet Tool Materials
Wood-Plastic Composite (WPC),Wood-HDPE,Composite materials,Condensed,Polynomial,200,360,1500,3.8,0,0,0,MatWeb — WPC Material Property Datasheet
Basalt Fiber / Epoxy Composite,Basalt/Epoxy,Composite materials,Condensed,Polynomial,200,450,870,1.75,0,0,0,AZoM Materials Database — Basalt Fiber Composites Data
Boron / Aluminum Composite,B/Al,Composite materials,Solid / Crystalline,Polynomial,298,750,810,0.35,0,0,0,MatWeb — Aerospace Boron MMC Data
Carbon Fiber / PEEK (AS4/PEEK),AS4/PEEK,Composite materials,Solid / Crystalline,Polynomial,200,550,1050,2.15,0,0,0,MatWeb — Victrex PEEK Composite Materials
Lithium Cobalt Oxide (LCO),LiCoO2,Other technologically relevant materials,Solid / Crystalline,Shomate,298,1000,74.25,28.42,-12.15,1.85,-1.45,Materials Project — Materials Project Database (mp-22526)
Lithium Iron Phosphate (LFP),LiFePO4,Other technologically relevant materials,Solid / Crystalline,Shomate,298,1000,142.5,45.2,-16.8,2.15,-2.85,Materials Project — Materials Project Database (mp-19017)
Lithium Manganese Oxide (LMO),LiMn2O4,Other technologically relevant materials,Solid / Crystalline,Shomate,298,1000,155.2,48.5,-18.4,2.45,-3.12,Materials Project — Materials Project Database (mp-22584)
Lithium Titanate (LTO),Li4Ti5O12,Other technologically relevant materials,Solid / Crystalline,Shomate,298,1100,385.4,98.5,-32.4,3.85,-7.45,Materials Project — Materials Project Database (mp-768653)
Lithium Nickel Manganese Cobalt (NMC111),LiNi0.33Mn0.33Co0.33O2,Other technologically relevant materials,Solid / Crystalline,Polynomial,298,600,820,0.45,0,0,0,Springer Open Data — Battery Materials Handbook
Lithium Nickel Cobalt Al Oxide (NCA),LiNi0.8Co0.15Al0.05O2,Other technologically relevant materials,Solid / Crystalline,Polynomial,298,600,840,0.48,0,0,0,Springer Open Data — Battery Materials Handbook
Graphite (Synthetic),C,Other technologically relevant materials,Solid / Crystalline,Shomate,298,3000,18.45,24.12,-10.85,1.65,-0.45,"NIST Chemistry WebBook — Chase, M. W., NIST-JANAF Tables (1998)"
Solid Electrolyte LLZO,Li7La3Zr2O12,Other technologically relevant materials,Solid / Crystalline,Shomate,298,1000,420.5,112.4,-38.5,4.15,-8.5,Materials Project — Materials Project Database (mp-942733)
Solid Electrolyte LGPS,Li10GeP2S12,Other technologically relevant materials,Solid / Crystalline,Shomate,298,800,520.4,145.2,-48.5,5.12,-10.2,Materials Project — Materials Project Database (mp-696128)
Solid Electrolyte NaSICON,Na3Zr2Si2PO12,Other technologically relevant materials,Solid / Crystalline,Shomate,298,1000,395.2,95.4,-28.5,3.2,-7.8,Materials Project — Materials Project Database (mp-777322)
Bismuth Telluride,Bi2Te3,Other technologically relevant materials,Solid / Crystalline,Shomate,298,850,118.4,22.15,-5.12,0.45,-1.12,Springer Open Data — SpringerMaterials Thermoelectrics
Lead Telluride (Thermoelectric),PbTe,Other technologically relevant materials,Solid / Crystalline,Shomate,298,1000,49.12,4.25,-0.32,0.01,-0.14,Materials Project — Materials Project Database (mp-1979)
Cobalt Antimonide (Skutterudite),CoSb3,Other technologically relevant materials,Solid / Crystalline,Shomate,298,900,96.5,18.4,-3.85,0.35,-1.25,AFLOW Database — AFLOW Materials Database
Silicon Germanium (p-type TE),Si0.7Ge0.3,Other technologically relevant materials,Solid / Crystalline,Shomate,298,1300,23.1,4.25,-0.35,-0.18,-0.28,NASA Glenn Thermodynamic Database — NASA High-Temp Thermoelectrics
Tin Selenide,SnSe,Other technologically relevant materials,Solid / Crystalline,Shomate,298,950,48.15,6.85,-0.95,0.08,-0.25,Materials Project — Materials Project Database (mp-2691)
YBCO Superconductor,YBa2Cu3O7,Other technologically relevant materials,Solid / Crystalline,Shomate,200,800,275.4,85.2,-24.5,2.8,-5.2,Materials Project — Materials Project Database (mp-20674)
BSCCO Superconductor,Bi2Sr2CaCu2O8,Other technologically relevant materials,Solid / Crystalline,Shomate,200,800,310.2,95.4,-28.2,3.1,-6.1,Springer Open Data — High-Tc Superconductors Database
Magnesium Diboride,MgB2,Other technologically relevant materials,Solid / Crystalline,Shomate,200,800,48.5,28.4,-8.5,0.95,-1.12,Materials Project — Materials Project Database (mp-763)
Niobium-Titanium (Superconductor),Nb-47Ti,Other technologically relevant materials,Solid / Crystalline,Polynomial,100,600,380,0.25,0,0,0,MatWeb — MatWeb Superconducting Alloys
Niobium-Tin (Nb3Sn),Nb3Sn,Other technologically relevant materials,Solid / Crystalline,Shomate,100,800,92.4,18.5,-4.2,0.38,-0.85,AFLOW Database — AFLOW Materials Database
Uranium Dioxide (Nuclear Fuel),UO2,Other technologically relevant materials,Solid / Crystalline,Shomate,298,2500,65.45,18.5,-5.2,0.55,-1.25,NIST JANAF — NIST-JANAF Thermochemical Tables
Plutonium Dioxide,PuO2,Other technologically relevant materials,Solid / Crystalline,Shomate,298,2000,66.2,17.8,-4.8,0.48,-1.18,IVTAN Thermodynamic Database — IVTAN Tables (Gurvich)
Thorium Dioxide,ThO2,Other technologically relevant materials,Solid / Crystalline,Shomate,298,2500,70.12,11.45,-2.45,0.18,-1.12,NIST JANAF — NIST-JANAF Thermochemical Tables
Zircaloy-4 (Nuclear Cladding),Zr-1.5Sn-0.2Fe-0.1Cr,Other technologically relevant materials,Solid / Crystalline,Polynomial,298,1200,285,0.11,0,0,0,MatWeb — MatWeb Nuclear Materials Data
Lithium Hydride,LiH,Other technologically relevant materials,Solid / Crystalline,Shomate,298,950,28.45,32.1,-11.2,1.45,-0.45,"NIST Chemistry WebBook — Chase, M. W., NIST-JANAF Tables (1998)"
Sodium Metal (Coolant),Na,Other technologically relevant materials,Condensed,Shomate,298,371,26.98,1.65,-0.25,0.02,-0.08,"NIST Chemistry WebBook — Chase, M. W., NIST-JANAF Tables (1998)"
Lead-Bismuth Eutectic (LBE),45Pb-55Bi,Other technologically relevant materials,Solid / Crystalline,Polynomial,400,1000,146,0.015,0,0,0,OECD/NEA Handbook — Handbook on Lead-bismuth Eutectic
Liquid Gallium,Ga,Other technologically relevant materials,Solid / Crystalline,Polynomial,303,1000,385,-0.035,0,0,0,IVTAN Thermodynamic Database — IVTAN Tables (Gurvich)
Diamond (Crystalline),C,Other technologically relevant materials,Solid / Crystalline,Shomate,298,1500,9.12,35.4,-18.2,2.95,-0.15,NIST JANAF — NIST-JANAF Thermochemical Tables
Graphene (Monolayer),C,Other technologically relevant materials,Solid / Crystalline,Polynomial,200,1000,550,1.85,-0.0004,0,0,Springer Open Data — 2D Materials Property Handbook
Hexagonal Boron Nitride (h-BN),BN,Other technologically relevant materials,Solid / Crystalline,Shomate,298,1800,23.45,25.12,-9.84,1.45,-0.85,NIST JANAF — NIST-JANAF Thermochemical Tables
MAX Phase (Ti3SiC2),Ti3SiC2,Other technologically relevant materials,Solid / Crystalline,Shomate,298,1500,135.4,42.1,-11.5,1.12,-2.85,Materials Project — Materials Project Database (mp-2303)
MAX Phase (Ti2AlC),Ti2AlC,Other technologically relevant materials,Solid / Crystalline,Shomate,298,1500,98.5,28.4,-7.2,0.75,-1.95,Materials Project — Materials Project Database (mp-3186)
MAX Phase (Cr2AlC),Cr2AlC,Other technologically relevant materials,Solid / Crystalline,Shomate,298,1500,102.1,31.2,-8.1,0.82,-2.15,Materials Project — Materials Project Database (mp-3185)
MXene (Ti3C2Tx),Ti3C2T,Other technologically relevant materials,Solid / Crystalline,Polynomial,200,800,620,0.45,0,0,0,Springer Open Data — 2D MXenes Property Database
Barium Ferrite (Permanent Magnet),BaFe12O19,Other technologically relevant materials,Solid / Crystalline,Shomate,298,1200,685.2,195.4,-58.5,6.2,-14.8,Materials Project — Materials Project Database (mp-24831)
Strontium Ferrite,SrFe12O19,Other technologically relevant materials,Solid / Crystalline,Shomate,298,1200,678.5,190.2,-56.8,5.9,-14.2,Materials Project — Materials Project Database (mp-24832)
Neodymium Magnet (Nd2Fe14B),Nd2Fe14B,Other technologically relevant materials,Solid / Crystalline,Polynomial,298,600,440,0.18,0,0,0,MatWeb — MatWeb Permanent Magnet Data
Samarium-Cobalt (SmCo5),SmCo5,Other technologically relevant materials,Solid / Crystalline,Polynomial,298,700,370,0.15,0,0,0,MatWeb — MatWeb SmCo Magnetic Materials
Alnico 5 (Magnetic Alloy),Al-Ni-Co-Fe-Cu,Other technologically relevant materials,Solid / Crystalline,Polynomial,298,800,460,0.21,0,0,0,MatWeb — MatWeb Magnetic Alloys Data
Permalloy (Ni80Fe20),Ni80Fe20,Other technologically relevant materials,Solid / Crystalline,Polynomial,298,800,450,0.22,0,0,0,MatWeb — MatWeb Soft Magnetic Alloys
Mu-Metal,Ni77Fe16Cu5Mo2,Other technologically relevant materials,Solid / Crystalline,Polynomial,298,800,430,0.24,0,0,0,MatWeb — MatWeb Shielding Materials Data
Iron-Silicon Electrical Steel (Fe-3%Si),Fe-3Si,Other technologically relevant materials,Solid / Crystalline,Polynomial,298,1000,460,0.26,0,0,0,MatWeb — MatWeb Electrical Steels
Amorphous Metal (Metglas 2605SA1),Fe-Si-B,Other technologically relevant materials,Solid / Crystalline,Polynomial,298,650,480,0.25,0,0,0,MatWeb — Metglas Inc. Technical Data
Ferrite (Mn-Zn Ferrite),Mn0.5Zn0.5Fe2O4,Other technologically relevant materials,Solid / Crystalline,Polynomial,298,600,750,0.35,0,0,0,MatWeb — Fair-Rite MnZn Ferrite Specs
Lanthanum Hexaboride,LaB6,Other technologically relevant materials,Solid / Crystalline,Shomate,298,1800,108.5,24.5,-6.15,0.58,-2.45,Materials Project — Materials Project Database (mp-1840)
Cerium Hexaboride,CeB6,Other technologically relevant materials,Solid / Crystalline,Shomate,298,1800,107.8,25.1,-6.35,0.61,-2.38,AFLOW Database — AFLOW Materials Database
Barium Fluoride (Optical),BaF2,Other technologically relevant materials,Solid / Crystalline,Shomate,298,1500,68.45,12.45,-2.85,0.25,-0.85,"NIST Chemistry WebBook — Chase, M. W., NIST-JANAF Tables (1998)"
Calcium Fluoride (Fluorite),CaF2,Other technologically relevant materials,Solid / Crystalline,Shomate,298,1600,67.12,11.85,-2.45,0.21,-0.92,"NIST Chemistry WebBook — Chase, M. W., NIST-JANAF Tables (1998)"
Magnesium Fluoride,MgF2,Other technologically relevant materials,Solid / Crystalline,Shomate,298,1500,64.85,14.12,-3.45,0.32,-1.15,"NIST Chemistry WebBook — Chase, M. W., NIST-JANAF Tables (1998)"
Lithium Fluoride,LiF,Other technologically relevant materials,Solid / Crystalline,Shomate,298,1100,41.25,15.85,-4.12,0.45,-0.65,"NIST Chemistry WebBook — Chase, M. W., NIST-JANAF Tables (1998)"
Zinc Sulfide (CVD Cleartran),ZnS,Other technologically relevant materials,Solid / Crystalline,Shomate,298,1200,44.15,8.65,-1.45,0.12,-0.48,"NIST Chemistry WebBook — NIST Chemistry WebBook, SRD 69"
Sapphire (Synthetic Al2O3),Al2O3,Other technologically relevant materials,Solid / Crystalline,Shomate,298,1800,102.429,38.749,-15.91,2.628,-3.007,"NIST Chemistry WebBook — Chase, M. W., NIST-JANAF Tables (1998)"
YAG (Yttrium Aluminum Garnet),Y3Al5O12,Other technologically relevant materials,Solid / Crystalline,Shomate,298,1600,415.2,95.4,-28.5,2.85,-8.15,Materials Project — Materials Project Database (mp-3082)
Nd:YAG Laser Crystal,Nd:Y3Al5O12,Other technologically relevant materials,Solid / Crystalline,Polynomial,298,1000,600,0.45,0,0,0,AZoM Materials Database — Laser Crystal Materials Data
Lithium Niobate,LiNbO3,Other technologically relevant materials,Solid / Crystalline,Shomate,298,1400,108.4,26.5,-7.8,0.82,-2.15,Materials Project — Materials Project Database (mp-3731)
Lithium Tantalate,LiTaO3,Other technologically relevant materials,Solid / Crystalline,Shomate,298,1400,109.5,24.2,-6.9,0.71,-1.95,Materials Project — Materials Project Database (mp-3694)
Potassium Titanyl Phosphate (KTP),KTiOPO4,Other technologically relevant materials,Solid / Crystalline,Shomate,298,1200,165.4,42.1,-12.8,1.45,-3.45,Materials Project — Materials Project Database (mp-5415)
Beta-Barium Borate (BBO),BaB2O4,Other technologically relevant materials,Solid / Crystalline,Shomate,298,1100,135.2,36.8,-10.4,1.15,-2.75,Materials Project — Materials Project Database (mp-8422)
Germanium Dioxide (Rutile),GeO2,Other technologically relevant materials,Solid / Crystalline,Shomate,298,1300,65.4,16.2,-4.8,0.52,-1.35,"NIST Chemistry WebBook — Chase, M. W., NIST-JANAF Tables (1998)"
Tellurium Dioxide (Paratellurite),TeO2,Other technologically relevant materials,Solid / Crystalline,Shomate,298,1000,64.8,18.4,-5.4,0.61,-1.42,"NIST Chemistry WebBook — Chase, M. W., NIST-JANAF Tables (1998)"
Vanadium(IV) Oxide (VO2),VO2,Other technologically relevant materials,Solid / Crystalline,Shomate,298,900,62.5,19.8,-6.2,0.74,-1.25,Materials Project — Materials Project Database (mp-315)
Tungsten Trioxide (Electrochromic),WO3,Other technologically relevant materials,Solid / Crystalline,Shomate,298,1400,72.4,24.5,-7.8,0.89,-1.65,"NIST Chemistry WebBook — Chase, M. W., NIST-JANAF Tables (1998)"
Indium Tin Oxide (ITO),In2O3-10SnO2,Other technologically relevant materials,Solid / Crystalline,Polynomial,298,900,380,0.18,0,0,0,MatWeb — MatWeb Transparent Conducting Oxides
Fluorine-Doped Tin Oxide (FTO),SnO2:F,Other technologically relevant materials,Solid / Crystalline,Polynomial,298,900,350,0.19,0,0,0,MatWeb — MatWeb TCO Thin Films