Material_ID,Material_Name,Chemical_Formula,Category,T_min_K,T_max_K,a,b,c,R_squared,Cp_Unit,Original_Equation_Type,Source_Database
MAT001,Copper,Cu,Metals,298,1358,20.901572,0.00811261,154220.097752,0.963189,J/(mol*K),Shomate,"NIST Chemistry WebBook — Chase, M. W., NIST-JANAF Thermochemical Tables (1998)"
MAT002,Aluminum,Al,Metals,298,933,19.281976,0.0140446,104453.041419,0.993593,J/(mol*K),Shomate,"NIST Chemistry WebBook — Chase, M. W., NIST-JANAF Thermochemical Tables (1998)"
MAT003,Iron (alpha),Fe,Metals,298,1042,13.297789,0.02987277,303416.624659,0.998115,J/(mol*K),Shomate,"NIST Chemistry WebBook — Chase, M. W., NIST-JANAF Thermochemical Tables (1998)"
MAT004,Nickel,Ni,Metals,298,631,23.49436,0.01486359,-26342.685063,0.999465,J/(mol*K),Shomate,"NIST Chemistry WebBook — Chase, M. W., NIST-JANAF Thermochemical Tables (1998)"
MAT005,Titanium (alpha),Ti,Metals,298,1155,24.417607,0.00691254,-231155.360558,0.999273,J/(mol*K),Shomate,"NIST JANAF — JANAF Thermochemical Tables, 4th Ed."
MAT006,Gold,Au,Metals,298,1337,23.690171,0.00516993,-534.613135,1.0,J/(mol*K),Polynomial,"IVTAN Thermodynamic Database — Gurvich, L.V., IVTAN Tables"
MAT007,Silver,Ag,Metals,298,1235,22.534725,0.00601169,-101612.505763,0.999617,J/(mol*K),Shomate,"NIST Chemistry WebBook — NIST Chemistry WebBook, SRD 69"
MAT008,Tungsten,W,Metals,298,3695,24.080708,0.00484553,-11696.527675,0.999984,J/(mol*K),Polynomial,"NASA Glenn Thermodynamic Database — McBride, B. J. et al., NASA RP-1311"
MAT009,Molybdenum,Mo,Metals,298,2896,26.340654,0.0020506,-249602.519194,0.986654,J/(mol*K),Shomate,NIST JANAF — NIST-JANAF Thermochemical Tables (1998)
MAT010,Zinc,Zn,Metals,298,693,24.006479,0.00508412,-138096.136686,0.999793,J/(mol*K),Shomate,"NIST Chemistry WebBook — NIST Chemistry WebBook, SRD 69"
MAT011,Lead,Pb,Metals,298,600,24.854386,0.00635466,-21406.984471,0.99997,J/(mol*K),Polynomial,IVTAN Thermodynamic Database — IVTAN Tables
MAT012,Magnesium,Mg,Metals,298,923,24.073654,0.00544151,-75655.093293,0.99896,J/(mol*K),Shomate,NIST JANAF — NIST-JANAF Thermochemical Tables
MAT013,Chromium,Cr,Metals,298,2180,27.667428,0.00426932,-586658.553739,0.986254,J/(mol*K),Shomate,"NIST Chemistry WebBook — Chase, M. W., NIST-JANAF Tables (1998)"
MAT014,Platinum,Pt,Metals,298,2041,25.526494,0.00341832,-130287.408436,0.9966,J/(mol*K),Shomate,"NIST Chemistry WebBook — NIST Chemistry WebBook, SRD 69"
MAT015,Tantalum,Ta,Metals,298,3290,26.738593,0.00195328,-333233.193869,0.960144,J/(mol*K),Shomate,NIST JANAF — NIST-JANAF Thermochemical Tables
MAT016,Niobium,Nb,Metals,298,2750,25.957135,0.0028937,-316187.408688,0.985263,J/(mol*K),Shomate,NIST JANAF — NIST-JANAF Thermochemical Tables
MAT017,Vanadium,V,Metals,298,2183,26.69275,0.00330603,-446172.274756,0.982188,J/(mol*K),Shomate,NIST JANAF — NIST-JANAF Thermochemical Tables
MAT018,Cobalt,Co,Metals,298,1768,27.866588,0.00407922,-428697.804371,0.992921,J/(mol*K),Shomate,"NIST Chemistry WebBook — Chase, M. W., NIST-JANAF Tables (1998)"
MAT019,Zirconium (alpha),Zr,Metals,298,1138,24.807047,0.00706893,-242711.950891,0.998948,J/(mol*K),Shomate,NIST JANAF — NIST-JANAF Thermochemical Tables
MAT020,Tin (White),Sn,Metals,298,505,21.960248,0.01714216,-7569.089977,1.0,J/(mol*K),Polynomial,IVTAN Thermodynamic Database — IVTAN Tables
MAT021,Beryllium,Be,Metals,298,1560,21.708557,0.0055761,-813569.49294,0.998278,J/(mol*K),Shomate,"NIST Chemistry WebBook — Chase, M. W., NIST-JANAF Tables (1998)"
MAT022,Palladium,Pd,Metals,298,1828,25.318147,0.0040206,-142311.821168,0.996643,J/(mol*K),Shomate,"NIST Chemistry WebBook — NIST Chemistry WebBook, SRD 69"
MAT023,Rhenium,Re,Metals,298,3459,26.320441,0.00311145,-244236.642541,0.986474,J/(mol*K),Shomate,NIST JANAF — NIST-JANAF Thermochemical Tables
MAT024,Stainless Steel 304,Fe-18Cr-8Ni,Metals and alloys,298,1200,450.0,0.28,-0.0,1.0,J/(kg*K),Polynomial,MatWeb — MatWeb Material Property Data - SS 304
MAT025,Stainless Steel 316,Fe-16Cr-10Ni-2Mo,Metals and alloys,298,1200,468.0,0.26,0.0,1.0,J/(kg*K),Polynomial,MatWeb — MatWeb Material Property Data - SS 316
MAT026,Stainless Steel 410,Fe-12Cr,Metals and alloys,298,1000,440.0,0.31,0.0,1.0,J/(kg*K),Polynomial,MatWeb — MatWeb Material Property Data - SS 410
MAT027,Duplex Stainless Steel 2205,Fe-22Cr-5Ni-3Mo-N,Metals and alloys,298,1100,470.0,0.25,0.0,1.0,J/(kg*K),Polynomial,AZoM Materials Database — AZoM Materials Database - 2205 Duplex
MAT028,Inconel 625,Ni-22Cr-9Mo-3.5Nb,Metals and alloys,298,1300,410.0,0.22,-0.0,1.0,J/(kg*K),Polynomial,MatWeb — Special Metals Inconel 625 Technical Data
MAT029,Inconel 718,Ni-19Cr-3Mo-5Nb-Fe,Metals and alloys,298,1300,435.0,0.21,-0.0,1.0,J/(kg*K),Polynomial,MatWeb — Special Metals Inconel 718 Datasheet
MAT030,Incoloy 800,Fe-32Ni-21Cr,Metals and alloys,298,1200,460.0,0.24,-0.0,1.0,J/(kg*K),Polynomial,MatWeb — Special Metals Incoloy 800 Data Sheet
MAT031,Monel 400,Ni-31Cu,Metals and alloys,298,1100,427.0,0.18,0.0,1.0,J/(kg*K),Polynomial,MatWeb — Special Metals Monel 400 Technical Bulletin
MAT032,Hastelloy C-276,Ni-16Mo-16Cr-4W,Metals and alloys,298,1250,427.0,0.19,0.0,1.0,J/(kg*K),Polynomial,MatWeb — Haynes International Hastelloy C-276
MAT033,Nimonic 80A,Ni-20Cr-2.4Ti-1.4Al,Metals and alloys,298,1200,448.0,0.22,-0.0,1.0,J/(kg*K),Polynomial,AZoM Materials Database — AZoM Materials Database - Nimonic 80A
MAT034,Titanium Ti-6Al-4V (Grade 5),Ti-6Al-4V,Metals and alloys,298,1100,526.0,0.18,-0.0,1.0,J/(kg*K),Polynomial,MatWeb — MatWeb Material Property Data - Ti-6Al-4V
MAT035,Titanium Ti-6Al-2Sn-4Zr-2Mo,Ti-6Al-2Sn-4Zr-2Mo,Metals and alloys,298,1000,510.0,0.2,-0.0,1.0,J/(kg*K),Polynomial,MatWeb — MatWeb Material Property Data - Ti-6242
MAT036,Titanium Ti-3Al-2.5V (Grade 9),Ti-3Al-2.5V,Metals and alloys,298,1000,530.0,0.17,0.0,1.0,J/(kg*K),Polynomial,MatWeb — MatWeb Material Property Data - Ti-3Al-2.5V
MAT037,Aluminum 6061-T6,Al-1.0Mg-0.6Si,Metals and alloys,298,800,896.0,0.45,-0.0,1.0,J/(kg*K),Polynomial,MatWeb — MatWeb Material Property Data - Al 6061
MAT038,Aluminum 7075-T6,Al-5.6Zn-2.5Mg-1.6Cu,Metals and alloys,298,750,860.0,0.48,0.0,1.0,J/(kg*K),Polynomial,MatWeb — MatWeb Material Property Data - Al 7075
MAT039,Aluminum 2024-T3,Al-4.4Cu-1.5Mg-0.6Mn,Metals and alloys,298,750,875.0,0.46,-0.0,1.0,J/(kg*K),Polynomial,MatWeb — MatWeb Material Property Data - Al 2024
MAT040,Aluminum 5083-H116,Al-4.5Mg-0.7Mn,Metals and alloys,298,750,900.0,0.44,0.0,1.0,J/(kg*K),Polynomial,MatWeb — MatWeb Material Property Data - Al 5083
MAT041,Cartridge Brass (CuZn30),Cu-30Zn,Metals and alloys,298,1000,377.0,0.12,-0.0,1.0,J/(kg*K),Polynomial,MatWeb — Copper Development Association - C26000
MAT042,Naval Brass (CuZn39Sn1),Cu-39Zn-1Sn,Metals and alloys,298,950,380.0,0.13,0.0,1.0,J/(kg*K),Polynomial,MatWeb — Copper Development Association - C46400
MAT043,Phosphor Bronze (CuSn8),Cu-8Sn-0.2P,Metals and alloys,298,1000,380.0,0.11,-0.0,1.0,J/(kg*K),Polynomial,MatWeb — Copper Development Association - C52100
MAT044,Aluminum Bronze (CuAl10Fe3),Cu-10Al-3Fe,Metals and alloys,298,1000,419.0,0.14,-0.0,1.0,J/(kg*K),Polynomial,MatWeb — Copper Development Association - C61400
MAT045,Cupronickel 70-30,Cu-30Ni-1Fe-1Mn,Metals and alloys,298,1100,377.0,0.15,-0.0,1.0,J/(kg*K),Polynomial,MatWeb — Copper Development Association - C71500
MAT046,Beryllium Copper (C17200),Cu-1.9Be-0.2Co,Metals and alloys,298,900,420.0,0.16,-0.0,1.0,J/(kg*K),Polynomial,MatWeb — Copper Development Association - C17200
MAT047,Magnesium AZ31B,Mg-3Al-1Zn,Metals and alloys,298,700,1020.0,0.55,-0.0,1.0,J/(kg*K),Polynomial,MatWeb — MatWeb Material Property Data - AZ31B
MAT048,Magnesium AZ91D,Mg-9Al-0.7Zn,Metals and alloys,298,700,1050.0,0.58,-0.0,1.0,J/(kg*K),Polynomial,MatWeb — MatWeb Material Property Data - AZ91D
MAT049,Nitinol (Shape Memory Alloy),Ni-Ti (55Ni-45Ti),Metals and alloys,298,900,480.0,0.15,-0.0,1.0,J/(kg*K),Polynomial,AZoM Materials Database — AZoM Materials Database - Nitinol Alloys
MAT050,Kovar,Fe-29Ni-17Co,Metals and alloys,298,800,460.0,0.21,-0.0,1.0,J/(kg*K),Polynomial,MatWeb — MatWeb Material Property Data - Kovar
MAT051,Invar 36,Fe-36Ni,Metals and alloys,298,700,515.0,0.19,0.0,1.0,J/(kg*K),Polynomial,MatWeb — MatWeb Material Property Data - Invar 36
MAT052,Stellite 6,Co-28Cr-4.5W-1.2C,Metals and alloys,298,1200,420.0,0.18,-0.0,1.0,J/(kg*K),Polynomial,AZoM Materials Database — Kennametal Stellite 6 Technical Datasheet
MAT053,Solder Alloy (Sn63Pb37),63Sn-37Pb,Metals and alloys,298,450,167.0,0.08,0.0,1.0,J/(kg*K),Polynomial,MatWeb — MatWeb Material Property Data - Sn63Pb37
MAT054,Alumina (Corundum),Al2O3,Ceramics,298,1200,112.224413,0.01597926,-3450053.421848,0.999596,J/(mol*K),Shomate,"NIST Chemistry WebBook — Chase, M. W., NIST-JANAF Thermochemical Tables (1998)"
MAT055,Silicon Nitride (alpha),Si3N4,Ceramics,298,2000,121.354265,0.02808331,-5065116.870517,0.990254,J/(mol*K),Shomate,NIST JANAF — NIST-JANAF Thermochemical Tables (1998)
MAT056,Silicon Carbide (beta),SiC,Ceramics,298,2000,43.351408,0.00710753,-1358347.151035,0.995063,J/(mol*K),Shomate,"NIST Chemistry WebBook — Chase, M. W., NIST-JANAF Thermochemical Tables (1998)"
MAT057,Titanium Carbide,TiC,Ceramics,298,2000,50.911013,0.00323756,-1388579.462773,0.999678,J/(mol*K),Shomate,Materials Project — Materials Project Database (mp-631)
MAT058,Boron Carbide,B4C,Ceramics,298,2000,107.222586,0.01217788,-5020819.501308,0.996109,J/(mol*K),Shomate,NIST JANAF — NIST-JANAF Thermochemical Tables (1998)
MAT059,Titanium Nitride,TiN,Ceramics,298,2000,45.817786,0.00449559,-936386.015944,0.995668,J/(mol*K),Shomate,NIST JANAF — NIST-JANAF Thermochemical Tables
MAT060,Aluminum Nitride,AlN,Ceramics,298,1800,44.65062,0.00675365,-1210583.207947,0.997631,J/(mol*K),Shomate,NIST JANAF — NIST-JANAF Thermochemical Tables
MAT061,Zirconium Carbide,ZrC,Ceramics,298,2000,49.703108,0.00395427,-1252902.508626,0.999466,J/(mol*K),Shomate,Materials Project — Materials Project Database (mp-1754)
MAT062,Zirconium Nitride,ZrN,Ceramics,298,2000,45.608599,0.0045101,-957838.420692,0.997502,J/(mol*K),Shomate,NIST JANAF — NIST-JANAF Thermochemical Tables
MAT063,Boron Nitride (Hexagonal),BN,Ceramics,298,1800,32.818929,0.00748159,-1390945.067385,0.994764,J/(mol*K),Shomate,NIST JANAF — NIST-JANAF Thermochemical Tables
MAT064,Titanium Diboride,TiB2,Ceramics,298,2000,70.690069,0.00765625,-2666232.056628,0.997288,J/(mol*K),Shomate,Materials Project — Materials Project Database (mp-2775)
MAT065,Zirconium Diboride,ZrB2,Ceramics,298,2000,71.088255,0.00754958,-2387199.213612,0.997729,J/(mol*K),Shomate,Materials Project — Materials Project Database (mp-2325)
MAT066,Titanium Dioxide (Rutile),TiO2,Ceramics,298,1800,74.004431,0.00663699,-1849788.046939,0.99741,J/(mol*K),Shomate,"NIST Chemistry WebBook — NIST Chemistry WebBook, SRD 69"
MAT067,Zinc Oxide (Zincite),ZnO,Ceramics,298,1500,46.455379,0.00529606,-777264.55134,0.999217,J/(mol*K),Shomate,"NIST Chemistry WebBook — NIST Chemistry WebBook, SRD 69"
MAT068,Chromium(III) Oxide,Cr2O3,Ceramics,298,1600,120.12708,0.01104048,-3277321.206226,0.999113,J/(mol*K),Shomate,NIST JANAF — NIST-JANAF Thermochemical Tables
MAT069,Iron(III) Oxide (Hematite),Fe2O3,Ceramics,298,1000,125.382368,0.01802362,-3399688.2914,0.999886,J/(mol*K),Shomate,"NIST Chemistry WebBook — Chase, M. W., NIST-JANAF Tables"
MAT070,Yttrium Oxide (Yttria),Y2O3,Ceramics,298,2000,122.536643,0.01023811,-2304885.38284,0.997874,J/(mol*K),Shomate,IVTAN Thermodynamic Database — IVTAN Tables (Gurvich)
MAT071,Lanthanum Oxide,La2O3,Ceramics,298,2000,127.75875,0.01194548,-2581825.576354,0.998246,J/(mol*K),Shomate,IVTAN Thermodynamic Database — IVTAN Tables (Gurvich)
MAT072,Cerium(IV) Oxide (Ceria),CeO2,Ceramics,298,1800,71.237319,0.00625378,-1412880.723184,0.998299,J/(mol*K),Shomate,NIST JANAF — NIST-JANAF Thermochemical Tables
MAT073,Barium Titanate,BaTiO3,Ceramics,298,1400,121.618146,0.01043924,-2547575.163371,0.999481,J/(mol*K),Shomate,Materials Project — Materials Project Database (mp-5986)
MAT074,Lead Zirconate Titanate (PZT),PbZr0.52Ti0.48O3,Ceramics,298,800,380.0,0.16,-0.0,1.0,J/(kg*K),Polynomial,AZoM Materials Database — AZoM Technical Ceramics Data
MAT075,Strontium Titanate,SrTiO3,Ceramics,298,1500,117.480815,0.00992002,-2237744.433686,0.999325,J/(mol*K),Shomate,Materials Project — Materials Project Database (mp-5229)
MAT076,Cordierite,Mg2Al4Si5O18,Ceramics,298,1500,585.208085,0.06284526,-14546756.667819,0.999115,J/(mol*K),Shomate,NIST Chemistry WebBook — NIST-JANAF Thermochemical Tables
MAT077,Steatite (Magnesium Silicate),MgSiO3,Ceramics,298,1400,95.246855,0.01224592,-2150058.632667,0.999401,J/(mol*K),Shomate,"NIST Chemistry WebBook — Chase, M. W., NIST-JANAF Tables"
MAT078,Mullite,3Al2O3-2SiO2,Ceramics,298,1800,413.632847,0.03892359,-10516616.245743,0.998221,J/(mol*K),Shomate,NIST JANAF — NIST-JANAF Thermochemical Tables
MAT079,Zircon (Zirconium Silicate),ZrSiO4,Ceramics,298,1700,134.454718,0.0128969,-3222328.43629,0.998448,J/(mol*K),Shomate,"NIST Chemistry WebBook — Chase, M. W., NIST-JANAF Tables"
MAT080,Sialon (beta-phase),Si4Al2O2N6,Ceramics,298,1500,750.0,0.35,0.0,1.0,J/(kg*K),Polynomial,AZoM Materials Database — AZoM Materials Database - Sialon
MAT081,Hydroxyapatite,Ca10(PO4)6(OH)2,Ceramics,298,1200,895.987887,0.10850073,-20626215.368846,0.99973,J/(mol*K),Shomate,PubChem — PubChem Compound Database (CID 44143493)
MAT082,Beryllium Oxide (Beryllia),BeO,Ceramics,298,2000,50.028557,0.00452383,-1960803.06927,0.99779,J/(mol*K),Shomate,NIST JANAF — NIST-JANAF Thermochemical Tables
MAT083,Tantalum Nitride,TaN,Ceramics,298,2000,47.180982,0.0046501,-1018858.739667,0.998584,J/(mol*K),Shomate,AFLOW Database — AFLOW Materials Database
MAT084,Silicon,Si,Semiconductors,298,1687,24.114138,0.00215798,-446214.276574,0.996734,J/(mol*K),Shomate,"NIST Chemistry WebBook — Chase, M. W., NIST-JANAF Thermochemical Tables (1998)"
MAT085,Germanium,Ge,Semiconductors,298,1211,24.047848,0.00358888,-148544.42547,0.999805,J/(mol*K),Shomate,OQMD — Open Quantum Materials Database (OQMD)
MAT086,Gallium Arsenide,GaAs,Semiconductors,298,1511,47.531012,0.0053732,-505685.201602,0.999777,J/(mol*K),Shomate,AFLOW Database — AFLOW Materials Database
MAT087,Gallium Nitride,GaN,Semiconductors,298,1200,42.358061,0.00894132,-877236.444875,0.999276,J/(mol*K),Shomate,Materials Project — Materials Project Database (mp-804)
MAT088,Indium Phosphide,InP,Semiconductors,298,1333,46.047234,0.00640837,-442293.312144,0.999776,J/(mol*K),Shomate,AFLOW Database — AFLOW Materials Database
MAT089,Indium Arsenide,InAs,Semiconductors,298,1215,47.529541,0.00498881,-352763.813556,0.999904,J/(mol*K),Shomate,Materials Project — Materials Project Database (mp-20305)
MAT090,Indium Antimonide,InSb,Semiconductors,298,798,48.426233,0.00501211,-220863.487408,0.999992,J/(mol*K),Shomate,AFLOW Database — AFLOW Materials Database
MAT091,Gallium Phosphide,GaP,Semiconductors,298,1750,46.003945,0.00611498,-641965.239367,0.99922,J/(mol*K),Shomate,NIST JANAF — NIST-JANAF Thermochemical Tables
MAT092,Gallium Antimonide,GaSb,Semiconductors,298,985,48.114129,0.00500016,-299305.546283,0.999971,J/(mol*K),Shomate,OQMD — Open Quantum Materials Database
MAT093,Aluminum Arsenide,AlAs,Semiconductors,298,2013,46.897084,0.00525656,-525866.885673,0.998922,J/(mol*K),Shomate,Materials Project — Materials Project Database (mp-2172)
MAT094,Aluminum Phosphide,AlP,Semiconductors,298,1800,45.271305,0.00612665,-765515.979611,0.999035,J/(mol*K),Shomate,AFLOW Database — AFLOW Materials Database
MAT095,Aluminum Antimonide,AlSb,Semiconductors,298,1330,47.769224,0.00543112,-391700.057551,0.999862,J/(mol*K),Shomate,OQMD — Open Quantum Materials Database
MAT096,Cadmium Telluride,CdTe,Semiconductors,298,1365,48.309443,0.00420446,-204118.715939,0.999895,J/(mol*K),Shomate,Springer Open Data — SpringerMaterials - Group II-VI
MAT097,Cadmium Selenide,CdSe,Semiconductors,298,1512,47.859702,0.0046026,-279489.66738,0.999788,J/(mol*K),Shomate,Materials Project — Materials Project Database (mp-1070)
MAT098,Cadmium Sulfide,CdS,Semiconductors,298,1600,47.069936,0.00513488,-431626.921437,0.99954,J/(mol*K),Shomate,"NIST Chemistry WebBook — NIST Chemistry WebBook, SRD 69"
MAT099,Zinc Selenide,ZnSe,Semiconductors,298,1400,48.606082,0.00412595,-239103.901873,0.999936,J/(mol*K),Shomate,OQMD — Open Quantum Materials Database
MAT100,Zinc Telluride,ZnTe,Semiconductors,298,1568,49.274066,0.00355663,-168638.059552,0.999906,J/(mol*K),Shomate,Materials Project — Materials Project Database (mp-2176)
MAT101,Zinc Sulfide (Sphalerite),ZnS,Semiconductors,298,1450,45.503906,0.00597391,-552519.575912,0.999701,J/(mol*K),Shomate,"NIST Chemistry WebBook — NIST Chemistry WebBook, SRD 69"
MAT102,Lead Sulfide (Galena),PbS,Semiconductors,298,1390,47.64527,0.00470032,-288160.420426,0.99982,J/(mol*K),Shomate,NIST JANAF — NIST-JANAF Thermochemical Tables
MAT103,Lead Telluride,PbTe,Semiconductors,298,1197,49.385445,0.0036825,-152798.483436,0.999961,J/(mol*K),Shomate,Materials Project — Materials Project Database (mp-1979)
MAT104,Lead Selenide,PbSe,Semiconductors,298,1350,48.872217,0.00410192,-201978.941009,0.99991,J/(mol*K),Shomate,OQMD — Open Quantum Materials Database
MAT105,Molybdenum Disulfide,MoS2,Semiconductors,298,1400,70.918146,0.01043924,-2247575.163371,0.999389,J/(mol*K),Shomate,Materials Project — Materials Project Database (mp-2815)
MAT106,Tungsten Diselenide,WSe2,Semiconductors,298,1300,73.944717,0.00939394,-1652217.973491,0.999583,J/(mol*K),Shomate,AFLOW Database — AFLOW Materials Database
MAT107,Copper Indium Gallium Selenide,CuIn0.7Ga0.3Se2,Semiconductors,298,900,310.0,0.09,0.0,1.0,J/(kg*K),Polynomial,Springer Open Data — SpringerMaterials - Solar Cell Data
MAT108,Copper Indium Diselenide,CuInSe2,Semiconductors,298,1000,97.171373,0.01135092,-1271430.193226,0.999885,J/(mol*K),Shomate,Materials Project — Materials Project Database (mp-1577)
MAT109,Tin(II) Sulfide,SnS,Semiconductors,298,1150,47.052305,0.00604979,-416917.746008,0.999923,J/(mol*K),Shomate,"NIST Chemistry WebBook — Chase, M. W., NIST-JANAF Tables"
MAT110,Germanium Telluride,GeTe,Semiconductors,298,998,49.220997,0.00456231,-235593.882038,0.999974,J/(mol*K),Shomate,OQMD — Open Quantum Materials Database
MAT111,Silicon Germanium Alloy,Si0.8Ge0.2,Semiconductors,298,1400,23.746814,0.0028481,-358099.34967,0.999327,J/(mol*K),Shomate,Springer Open Data — Landolt-Börnstein Group III
MAT112,Beta-Gallium Oxide,beta-Ga2O3,Semiconductors,298,1500,124.707577,0.01176831,-2787950.770492,0.999376,J/(mol*K),Shomate,Materials Project — Materials Project Database (mp-886)
MAT113,Black Phosphorus,P,Semiconductors,298,800,23.310839,0.00770074,-344869.808207,0.999891,J/(mol*K),Shomate,AFLOW Database — AFLOW Materials Database
MAT114,High-Density Polyethylene (HDPE),(C2H4)n,Polymers,200,400,1350.0,4.2,-0.0,1.0,J/(kg*K),Polynomial,PoLyInfo — PoLyInfo (NIMS Polymer Database)
MAT115,Low-Density Polyethylene (LDPE),(C2H4)n,Polymers,200,380,1450.0,4.65,-0.0,1.0,J/(kg*K),Polynomial,PoLyInfo — PoLyInfo (NIMS Polymer Database)
MAT116,Polypropylene (PP),(C3H6)n,Polymers,200,380,1200.0,3.9,-0.0,1.0,J/(kg*K),Polynomial,PoLyInfo — PoLyInfo (NIMS Polymer Database)
MAT117,Polytetrafluoroethylene (PTFE),(C2F4)n,Polymers,200,550,850.0,2.1,0.0,1.0,J/(kg*K),Polynomial,AZoM Materials Database — AZoM Materials Database - PTFE
MAT118,Polystyrene (PS),(C8H8)n,Polymers,200,370,1150.0,3.3,0.0,1.0,J/(kg*K),Polynomial,PoLyInfo — PoLyInfo (NIMS Polymer Database)
MAT119,Polycarbonate (PC),(C16H14O3)n,Polymers,250,420,1080.0,2.8,-0.0,1.0,J/(kg*K),Polynomial,MatWeb — MatWeb Material Property Data - PC
MAT120,Polymethyl Methacrylate (PMMA),(C5O2H8)n,Polymers,200,380,1250.0,3.1,0.0,1.0,J/(kg*K),Polynomial,PoLyInfo — PoLyInfo (NIMS Polymer Database)
MAT121,Polyethylene Terephthalate (PET),(C10H8O4)n,Polymers,200,350,1050.0,2.95,-0.0,1.0,J/(kg*K),Polynomial,PoLyInfo — PoLyInfo (NIMS Polymer Database)
MAT122,Polyvinyl Chloride (PVC),(C2H3Cl)n,Polymers,200,350,900.0,2.45,-0.0,1.0,J/(kg*K),Polynomial,PoLyInfo — PoLyInfo (NIMS Polymer Database)
MAT123,Polyamide 6 (Nylon 6),(C6H11NO)n,Polymers,200,480,1300.0,3.4,-0.0,1.0,J/(kg*K),Polynomial,MatWeb — MatWeb Material Property Data - Nylon 6
MAT124,"Polyamide 66 (Nylon 6,6)",(C12H22N2O2)n,Polymers,200,500,1350.0,3.55,-0.0,1.0,J/(kg*K),Polynomial,MatWeb — MatWeb Material Property Data - Nylon 66
MAT125,Polyether Ether Ketone (PEEK),(C19H12O3)n,Polymers,250,550,1340.0,2.4,-0.0,1.0,J/(kg*K),Polynomial,AZoM Materials Database — AZoM Engineering Plastics - PEEK
MAT126,Polyoxymethylene (Acetal / POM),(CH2O)n,Polymers,200,420,1220.0,3.15,-0.0,1.0,J/(kg*K),Polynomial,PoLyInfo — PoLyInfo (NIMS Polymer Database)
MAT127,Polylactic Acid (PLA),(C3H4O2)n,Polymers,200,330,1180.0,2.85,0.0,1.0,J/(kg*K),Polynomial,PoLyInfo — PoLyInfo (NIMS Polymer Database)
MAT128,Polyvinylidene Fluoride (PVDF),(C2H2F2)n,Polymers,200,420,1100.0,2.65,0.0,1.0,J/(kg*K),Polynomial,MatWeb — MatWeb Material Property Data - PVDF
MAT129,Polyimide (Kapton),(C22H10N2O5)n,Polymers,200,600,1090.0,1.85,-0.0,1.0,J/(kg*K),Polynomial,AZoM Materials Database — DuPont Kapton Summary Datasheet
MAT130,Polyetherimide (Ultem / PEI),(C37H24O6N2)n,Polymers,200,480,1150.0,2.25,-0.0,1.0,J/(kg*K),Polynomial,MatWeb — SABIC Ultem Material Property Data
MAT131,Polyphenylene Sulfide (PPS),(C6H4S)n,Polymers,200,520,1020.0,2.1,0.0,1.0,J/(kg*K),Polynomial,MatWeb — MatWeb Material Property Data - PPS
MAT132,Polysulfone (PSU),(C27H22O4S)n,Polymers,200,460,1120.0,2.3,-0.0,1.0,J/(kg*K),Polynomial,AZoM Materials Database — AZoM High-Performance Polymers
MAT133,Polydimethylsiloxane (PDMS),(C2H6OSi)n,Polymers,200,450,1380.0,1.95,-0.0,1.0,J/(kg*K),Polynomial,PoLyInfo — PoLyInfo (NIMS Polymer Database)
MAT134,Polyurethane (Elastomer),(C17H16N2O4)n,Polymers,200,380,1500.0,3.2,0.0,1.0,J/(kg*K),Polynomial,MatWeb — MatWeb Polyurethane Data
MAT135,Acrylonitrile Butadiene Styrene (ABS),(C8H8)x(C4H6)y(C3H3N)z,Polymers,200,380,1300.0,3.1,-0.0,1.0,J/(kg*K),Polynomial,MatWeb — MatWeb Material Property Data - ABS
MAT136,Natural Rubber (Polyisoprene),(C5H8)n,Polymers,200,350,1620.0,3.8,-0.0,1.0,J/(kg*K),Polynomial,PoLyInfo — PoLyInfo (NIMS Polymer Database)
MAT137,Styrene-Butadiene Rubber (SBR),(C8H8)x(C4H6)y,Polymers,200,350,1580.0,3.65,0.0,1.0,J/(kg*K),Polynomial,PoLyInfo — PoLyInfo (NIMS Polymer Database)
MAT138,Nitrile Rubber (NBR),(C3H3N)x(C4H6)y,Polymers,200,360,1550.0,3.45,-0.0,1.0,J/(kg*K),Polynomial,MatWeb — MatWeb Rubber Material Data
MAT139,Ethylene Propylene Diene (EPDM),(C2H4)x(C3H6)y(diene)z,Polymers,200,370,1700.0,3.9,-0.0,1.0,J/(kg*K),Polynomial,MatWeb — MatWeb EPDM Datasheet
MAT140,Polybutylene Terephthalate (PBT),(C12H12O4)n,Polymers,200,480,1100.0,2.8,0.0,1.0,J/(kg*K),Polynomial,PoLyInfo — PoLyInfo (NIMS Polymer Database)
MAT141,Polyacrylonitrile (PAN),(C3H3N)n,Polymers,200,360,1220.0,2.75,0.0,1.0,J/(kg*K),Polynomial,PoLyInfo — PoLyInfo (NIMS Polymer Database)
MAT142,Polyvinyl Alcohol (PVA),(C2H4O)n,Polymers,200,400,1400.0,3.5,0.0,1.0,J/(kg*K),Polynomial,PoLyInfo — PoLyInfo (NIMS Polymer Database)
MAT143,Epoxy Resin (Bisphenol A Diglycidyl Ether),(C21H24O4)n,Polymers,200,420,1120.0,2.5,0.0,1.0,J/(kg*K),Polynomial,MatWeb — MatWeb Epoxy Resins Overview
MAT144,Fused Silica Glass,SiO2,Glasses,298,1800,66.804233,0.00839936,-2365962.840657,0.997298,J/(mol*K),Shomate,"NIST Chemistry WebBook — Chase, M. W., NIST-JANAF Thermochemical Tables (1998)"
MAT145,Borosilicate Glass (Pyrex),SiO2-B2O3-Na2O-Al2O3,Glasses,273,800,898.57624,0.44023548,-4810401.564693,0.99921,J/(kg*K),Polynomial,AZoM Materials Database — AZoM Materials Database - Borosilicate
MAT146,Soda-Lime Glass,SiO2-Na2O-CaO,Glasses,273,800,840.0,0.78,-0.0,1.0,J/(kg*K),Polynomial,MatWeb — MatWeb Material Property Data - Glasses
MAT147,Aluminosilicate Glass,SiO2-Al2O3-CaO-MgO,Glasses,273,900,780.0,0.72,-0.0,1.0,J/(kg*K),Polynomial,MatWeb — Corning Gorilla Glass Property Sheet
MAT148,Lead Crystal Glass,SiO2-PbO-K2O,Glasses,273,750,500.0,0.45,-0.0,1.0,J/(kg*K),Polynomial,AZoM Materials Database — AZoM Optical Glasses
MAT149,Fluoride Glass (ZBLAN),ZrF4-BaF2-LaF3-AlF3-NaF,Glasses,200,600,620.0,0.58,0.0,1.0,J/(kg*K),Polynomial,MatWeb — Optical Fluoride Glass Technical Data
MAT150,Chalcogenide Glass (Ge33As12Se55),Ge33As12Se55,Glasses,200,500,360.0,0.28,0.0,1.0,J/(kg*K),Polynomial,Springer Open Data — SpringerMaterials Chalcogenide Database
MAT151,96% Silica Glass (Vycor),SiO2-B2O3,Glasses,273,1100,740.0,0.82,0.0,1.0,J/(kg*K),Polynomial,MatWeb — Corning Vycor Glass Datasheet
MAT152,E-Glass (Alumino-borosilicate),SiO2-Al2O3-B2O3-CaO,Glasses,273,900,800.0,0.75,-0.0,1.0,J/(kg*K),Polynomial,AZoM Materials Database — AZoM Fiber Glass Compositions
MAT153,S-Glass (High Strength),SiO2-Al2O3-MgO,Glasses,273,950,735.0,0.78,-0.0,1.0,J/(kg*K),Polynomial,AZoM Materials Database — AGY S-Glass Technical Summary
MAT154,Glass Ceramic (Zerodur),SiO2-Al2O3-Li2O,Glasses,200,600,820.0,0.65,-0.0,1.0,J/(kg*K),Polynomial,MatWeb — Schott Zerodur Glass Ceramic Data
MAT155,Glass Ceramic (Macor),SiO2-Al2O3-MgO-K2O-F,Glasses,200,800,790.0,0.68,0.0,1.0,J/(kg*K),Polynomial,Corning Technical Database — Corning Macor Machinable Glass
MAT156,Phosphate Glass,P2O5-Al2O3-Na2O,Glasses,273,700,710.0,0.62,-0.0,1.0,J/(kg*K),Polynomial,Springer Open Data — Laser Phosphate Glass Properties
MAT157,Germanate Glass,GeO2-PbO,Glasses,273,750,480.0,0.38,0.0,1.0,J/(kg*K),Polynomial,AZoM Materials Database — Infrared Glasses Handbook
MAT158,Tellurite Glass,TeO2-WO3-La2O3,Glasses,273,650,390.0,0.32,-0.0,1.0,J/(kg*K),Polynomial,Springer Open Data — Non-Oxide Glass Materials Data
MAT159,Magnesia (Periclase),MgO,Refractories,298,2000,48.549167,0.00360158,-964523.377307,0.999452,J/(mol*K),Shomate,NIST JANAF — NIST-JANAF Thermochemical Tables (1998)
MAT160,Zirconia (Monoclinic),ZrO2,Refractories,298,1478,71.888596,0.00681203,-1543347.281595,0.999726,J/(mol*K),Shomate,IVTAN Thermodynamic Database — IVTAN Tables (Gurvich)
MAT161,Hafnium Carbide,HfC,Refractories,298,2500,50.148589,0.00381329,-1216810.653124,0.99826,J/(mol*K),Shomate,NIST JANAF — NIST-JANAF Thermochemical Tables
MAT162,Tantalum Carbide,TaC,Refractories,298,2500,49.708147,0.00435926,-1149774.4556,0.997822,J/(mol*K),Shomate,Materials Project — Materials Project Database (mp-1986)
MAT163,Spinel,MgAl2O4,Refractories,298,2000,162.99838,0.01454994,-4935347.035264,0.99849,J/(mol*K),Shomate,NIST JANAF — NIST-JANAF Thermochemical Tables
MAT164,Chromite,FeCr2O4,Refractories,298,1800,164.133989,0.01378858,-4357402.095825,0.999069,J/(mol*K),Shomate,NIST JANAF — NIST-JANAF Thermochemical Tables
MAT165,Forsterite,Mg2SiO4,Refractories,298,1800,159.254074,0.01623685,-4602102.084978,0.998749,J/(mol*K),Shomate,NIST JANAF — NIST-JANAF Thermochemical Tables
MAT166,Enstatite,MgSiO3,Refractories,298,1600,95.048532,0.01214135,-2307782.764215,0.998933,J/(mol*K),Shomate,NIST JANAF — NIST-JANAF Thermochemical Tables
MAT167,Calcium Oxide (Lime),CaO,Refractories,298,2000,50.570232,0.00291237,-842150.300474,0.999589,J/(mol*K),Shomate,"NIST Chemistry WebBook — Chase, M. W., NIST-JANAF Tables (1998)"
MAT168,Dolomite (Calcined),CaO-MgO,Refractories,298,1800,880.0,0.22,0.0,1.0,J/(kg*K),Polynomial,AZoM Materials Database — Refractory Raw Materials Data
MAT169,Aluminum Titanate,Al2TiO5,Refractories,298,1600,185.405795,0.01931371,-4715689.521619,0.999304,J/(mol*K),Shomate,Materials Project — Materials Project Database (mp-5234)
MAT170,Hafnium Diboride,HfB2,Refractories,298,2200,72.655261,0.00672139,-2337989.783755,0.996241,J/(mol*K),Shomate,Materials Project — Materials Project Database (mp-2326)
MAT171,Tantalum Diboride,TaB2,Refractories,298,2200,73.692918,0.00663138,-2244683.678445,0.996345,J/(mol*K),Shomate,Materials Project — Materials Project Database (mp-2780)
MAT172,Hafnia,HfO2,Refractories,298,2000,75.153864,0.0054097,-1525110.460071,0.999066,J/(mol*K),Shomate,IVTAN Thermodynamic Database — IVTAN Tables (Gurvich)
MAT173,Thoria,ThO2,Refractories,298,2500,74.595826,0.00499887,-1444419.6103,0.995794,J/(mol*K),Shomate,NIST JANAF — NIST-JANAF Thermochemical Tables
MAT174,Carbon Fiber / Epoxy (CFRP UD),C/Epoxy,Composite materials,200,450,900.0,2.1,0.0,1.0,J/(kg*K),Polynomial,AZoM Materials Database — AZoM Composite Materials Data
MAT175,Glass Fiber / Epoxy (GFRP),Glass/Epoxy,Composite materials,200,450,850.0,1.85,-0.0,1.0,J/(kg*K),Polynomial,MatWeb — MatWeb Composite Material Property Data
MAT176,Aramid / Epoxy (Kevlar/Epoxy),Aramid/Epoxy,Composite materials,200,450,1100.0,2.4,-0.0,1.0,J/(kg*K),Polynomial,AZoM Materials Database — DuPont Kevlar Composites Guide
MAT177,Carbon/Carbon Composite (C/C),C/C,Composite materials,298,2000,1238.92612,0.43410713,-35663487.20424,0.981025,J/(kg*K),Polynomial,MatWeb — MatWeb C/C High-Temp Properties
MAT178,Alumina / Silicon Carbide (Al2O3/SiC),Al2O3-SiC,Composite materials,298,1400,780.0,0.42,0.0,1.0,J/(kg*K),Polynomial,AZoM Materials Database — Ceramic Matrix Composites Data
MAT179,Silicon Carbide / Silicon Carbide (SiC/SiC),SiC/SiC,Composite materials,298,1600,680.0,0.48,0.0,1.0,J/(kg*K),Polynomial,AZoM Materials Database — Nuclear Grade SiC/SiC Composites
MAT180,Al/SiC Metal Matrix Composite (20% SiC),Al-20SiC,Composite materials,298,800,820.0,0.41,-0.0,1.0,J/(kg*K),Polynomial,MatWeb — MatWeb MMC Aluminum Matrix Data
MAT181,Al/Al2O3 Metal Matrix Composite,Al-Al2O3,Composite materials,298,800,840.0,0.38,-0.0,1.0,J/(kg*K),Polynomial,MatWeb — MatWeb MMC Properties
MAT182,Tungsten Carbide / Cobalt (WC-6Co),WC-6Co,Composite materials,298,1000,220.0,0.12,0.0,1.0,J/(kg*K),Polynomial,AZoM Materials Database — Cemented Carbides Handbook
MAT183,Tungsten Carbide / Cobalt (WC-12Co),WC-12Co,Composite materials,298,1000,245.0,0.14,-0.0,1.0,J/(kg*K),Polynomial,AZoM Materials Database — Cemented Carbides Handbook
MAT184,TiC-Ni Cermet,TiC-Ni,Composite materials,298,1100,460.0,0.22,-0.0,1.0,J/(kg*K),Polynomial,MatWeb — MatWeb Cermet Tool Materials
MAT185,Wood-Plastic Composite (WPC),Wood-HDPE,Composite materials,200,360,1500.0,3.8,0.0,1.0,J/(kg*K),Polynomial,MatWeb — WPC Material Property Datasheet
MAT186,Basalt Fiber / Epoxy Composite,Basalt/Epoxy,Composite materials,200,450,870.0,1.75,0.0,1.0,J/(kg*K),Polynomial,AZoM Materials Database — Basalt Fiber Composites Data
MAT187,Boron / Aluminum Composite,B/Al,Composite materials,298,750,810.0,0.35,-0.0,1.0,J/(kg*K),Polynomial,MatWeb — Aerospace Boron MMC Data
MAT188,Carbon Fiber / PEEK (AS4/PEEK),AS4/PEEK,Composite materials,200,550,1050.0,2.15,0.0,1.0,J/(kg*K),Polynomial,MatWeb — Victrex PEEK Composite Materials
MAT189,Lithium Cobalt Oxide (LCO),LiCoO2,Other technologically relevant materials,298,1000,80.68001,0.0122081,-1709522.162174,0.999691,J/(mol*K),Shomate,Materials Project — Materials Project Database (mp-22526)
MAT190,Lithium Iron Phosphate (LFP),LiFePO4,Other technologically relevant materials,298,1000,151.845261,0.0219794,-3231695.0905,0.999798,J/(mol*K),Shomate,Materials Project — Materials Project Database (mp-19017)
MAT191,Lithium Manganese Oxide (LMO),LiMn2O4,Other technologically relevant materials,298,1000,165.329227,0.02325562,-3532713.612434,0.999799,J/(mol*K),Shomate,Materials Project — Materials Project Database (mp-22584)
MAT192,Lithium Titanate (LTO),Li4Ti5O12,Other technologically relevant materials,298,1100,405.757453,0.05064335,-8342705.02386,0.999778,J/(mol*K),Shomate,Materials Project — Materials Project Database (mp-768653)
MAT193,Lithium Nickel Manganese Cobalt (NMC111),LiNi0.33Mn0.33Co0.33O2,Other technologically relevant materials,298,600,820.0,0.45,0.0,1.0,J/(kg*K),Polynomial,Springer Open Data — Battery Materials Handbook
MAT194,Lithium Nickel Cobalt Al Oxide (NCA),LiNi0.8Co0.15Al0.05O2,Other technologically relevant materials,298,600,840.0,0.48,-0.0,1.0,J/(kg*K),Polynomial,Springer Open Data — Battery Materials Handbook
MAT195,Graphite (Synthetic),C,Other technologically relevant materials,298,3000,32.179522,0.00203513,-1368916.068834,0.964443,J/(mol*K),Shomate,"NIST Chemistry WebBook — Chase, M. W., NIST-JANAF Tables (1998)"
MAT196,Solid Electrolyte LLZO,Li7La3Zr2O12,Other technologically relevant materials,298,1000,442.781594,0.05765463,-9418235.05657,0.999847,J/(mol*K),Shomate,Materials Project — Materials Project Database (mp-942733)
MAT197,Solid Electrolyte LGPS,Li10GeP2S12,Other technologically relevant materials,298,800,542.432905,0.08432854,-10969066.388955,0.999962,J/(mol*K),Shomate,Materials Project — Materials Project Database (mp-696128)
MAT198,Solid Electrolyte NaSICON,Na3Zr2Si2PO12,Other technologically relevant materials,298,1000,411.551711,0.05512632,-8472568.730053,0.999903,J/(mol*K),Shomate,Materials Project — Materials Project Database (mp-777322)
MAT199,Bismuth Telluride,Bi2Te3,Other technologically relevant materials,298,850,120.959241,0.0153565,-1214181.421986,0.999961,J/(mol*K),Shomate,Springer Open Data — SpringerMaterials Thermoelectrics
MAT200,Lead Telluride (Thermoelectric),PbTe,Other technologically relevant materials,298,1000,49.332474,0.0037467,-149003.734897,0.999984,J/(mol*K),Shomate,Materials Project — Materials Project Database (mp-1979)
MAT201,Cobalt Antimonide (Skutterudite),CoSb3,Other technologically relevant materials,298,900,98.542099,0.01313601,-1328397.606915,0.999968,J/(mol*K),Shomate,AFLOW Database — AFLOW Materials Database
MAT202,Silicon Germanium (p-type TE),Si0.7Ge0.3,Other technologically relevant materials,298,1300,23.786962,0.00303775,-318360.209397,0.999623,J/(mol*K),Shomate,NASA Glenn Thermodynamic Database — NASA High-Temp Thermoelectrics
MAT203,Tin Selenide,SnSe,Other technologically relevant materials,298,950,48.692006,0.0054973,-271717.205469,0.999968,J/(mol*K),Shomate,Materials Project — Materials Project Database (mp-2691)
MAT204,YBCO Superconductor,YBa2Cu3O7,Other technologically relevant materials,200,800,283.706836,0.05802944,-5376747.25055,0.999962,J/(mol*K),Shomate,Materials Project — Materials Project Database (mp-20674)
MAT205,BSCCO Superconductor,Bi2Sr2CaCu2O8,Other technologically relevant materials,200,800,319.820533,0.06398488,-6304953.458369,0.999962,J/(mol*K),Shomate,Springer Open Data — High-Tc Superconductors Database
MAT206,Magnesium Diboride,MgB2,Other technologically relevant materials,200,800,51.392288,0.01894884,-1181584.503616,0.999923,J/(mol*K),Shomate,Materials Project — Materials Project Database (mp-763)
MAT207,Niobium-Titanium (Superconductor),Nb-47Ti,Other technologically relevant materials,100,600,380.0,0.25,-0.0,1.0,J/(kg*K),Polynomial,MatWeb — MatWeb Superconducting Alloys
MAT208,Niobium-Tin (Nb3Sn),Nb3Sn,Other technologically relevant materials,100,800,93.36637,0.01442611,-857938.705851,0.99998,J/(mol*K),Shomate,AFLOW Database — AFLOW Materials Database
MAT209,Uranium Dioxide (Nuclear Fuel),UO2,Other technologically relevant materials,298,2500,73.577685,0.0062081,-1820560.155651,0.992859,J/(mol*K),Shomate,NIST JANAF — NIST-JANAF Thermochemical Tables
MAT210,Plutonium Dioxide,PuO2,Other technologically relevant materials,298,2000,72.313519,0.00750734,-1569168.733646,0.996939,J/(mol*K),Shomate,IVTAN Thermodynamic Database — IVTAN Tables (Gurvich)
MAT211,Thorium Dioxide,ThO2,Other technologically relevant materials,298,2500,74.595826,0.00499887,-1444419.6103,0.995794,J/(mol*K),Shomate,NIST JANAF — NIST-JANAF Thermochemical Tables
MAT212,Zircaloy-4 (Nuclear Cladding),Zr-1.5Sn-0.2Fe-0.1Cr,Other technologically relevant materials,298,1200,285.0,0.11,-0.0,1.0,J/(kg*K),Polynomial,MatWeb — MatWeb Nuclear Materials Data
MAT213,Lithium Hydride,LiH,Other technologically relevant materials,298,950,34.330514,0.01708035,-681344.759794,0.999587,J/(mol*K),Shomate,"NIST Chemistry WebBook — Chase, M. W., NIST-JANAF Tables (1998)"
MAT214,Sodium Metal (Coolant),Na,Other technologically relevant materials,298,371,27.031854,0.00143863,-80937.386542,1.0,J/(mol*K),Shomate,"NIST Chemistry WebBook — Chase, M. W., NIST-JANAF Tables (1998)"
MAT215,Lead-Bismuth Eutectic (LBE),45Pb-55Bi,Other technologically relevant materials,400,1000,146.0,0.015,-0.0,1.0,J/(kg*K),Polynomial,OECD/NEA Handbook — Handbook on Lead-bismuth Eutectic
MAT216,Liquid Gallium,Ga,Other technologically relevant materials,303,1000,385.0,-0.035,-0.0,1.0,J/(kg*K),Polynomial,IVTAN Thermodynamic Database — IVTAN Tables (Gurvich)
MAT217,Diamond (Crystalline),C,Other technologically relevant materials,298,1500,23.057484,0.00634642,-871247.347235,0.9851,J/(mol*K),Shomate,NIST JANAF — NIST-JANAF Thermochemical Tables
MAT218,Graphene (Monolayer),C,Other technologically relevant materials,200,1000,761.770244,1.26641318,-5384872.406702,0.999005,J/(kg*K),Polynomial,Springer Open Data — 2D Materials Property Handbook
MAT219,Hexagonal Boron Nitride (h-BN),BN,Other technologically relevant materials,298,1800,32.818929,0.00748159,-1390945.067385,0.994764,J/(mol*K),Shomate,NIST JANAF — NIST-JANAF Thermochemical Tables
MAT220,MAX Phase (Ti3SiC2),Ti3SiC2,Other technologically relevant materials,298,1500,146.135533,0.02104141,-3432483.704669,0.999086,J/(mol*K),Shomate,Materials Project — Materials Project Database (mp-2303)
MAT221,MAX Phase (Ti2AlC),Ti2AlC,Other technologically relevant materials,298,1500,105.094906,0.01539256,-2306374.793607,0.999311,J/(mol*K),Shomate,Materials Project — Materials Project Database (mp-3186)
MAT222,MAX Phase (Cr2AlC),Cr2AlC,Other technologically relevant materials,298,1500,109.580842,0.01648042,-2554967.717665,0.999246,J/(mol*K),Shomate,Materials Project — Materials Project Database (mp-3185)
MAT223,MXene (Ti3C2Tx),Ti3C2T,Other technologically relevant materials,200,800,620.0,0.45,-0.0,1.0,J/(kg*K),Polynomial,Springer Open Data — 2D MXenes Property Database
MAT224,Barium Ferrite (Permanent Magnet),BaFe12O19,Other technologically relevant materials,298,1200,726.813637,0.10274895,-16748236.03272,0.999688,J/(mol*K),Shomate,Materials Project — Materials Project Database (mp-24831)
MAT225,Strontium Ferrite,SrFe12O19,Other technologically relevant materials,298,1200,719.098009,0.09993243,-16102664.426746,0.99968,J/(mol*K),Shomate,Materials Project — Materials Project Database (mp-24832)
MAT226,Neodymium Magnet (Nd2Fe14B),Nd2Fe14B,Other technologically relevant materials,298,600,440.0,0.18,-0.0,1.0,J/(kg*K),Polynomial,MatWeb — MatWeb Permanent Magnet Data
MAT227,Samarium-Cobalt (SmCo5),SmCo5,Other technologically relevant materials,298,700,370.0,0.15,-0.0,1.0,J/(kg*K),Polynomial,MatWeb — MatWeb SmCo Magnetic Materials
MAT228,Alnico 5 (Magnetic Alloy),Al-Ni-Co-Fe-Cu,Other technologically relevant materials,298,800,460.0,0.21,-0.0,1.0,J/(kg*K),Polynomial,MatWeb — MatWeb Magnetic Alloys Data
MAT229,Permalloy (Ni80Fe20),Ni80Fe20,Other technologically relevant materials,298,800,450.0,0.22,-0.0,1.0,J/(kg*K),Polynomial,MatWeb — MatWeb Soft Magnetic Alloys
MAT230,Mu-Metal,Ni77Fe16Cu5Mo2,Other technologically relevant materials,298,800,430.0,0.24,-0.0,1.0,J/(kg*K),Polynomial,MatWeb — MatWeb Shielding Materials Data
MAT231,Iron-Silicon Electrical Steel (Fe-3%Si),Fe-3Si,Other technologically relevant materials,298,1000,460.0,0.26,-0.0,1.0,J/(kg*K),Polynomial,MatWeb — MatWeb Electrical Steels
MAT232,Amorphous Metal (Metglas 2605SA1),Fe-Si-B,Other technologically relevant materials,298,650,480.0,0.25,0.0,1.0,J/(kg*K),Polynomial,MatWeb — Metglas Inc. Technical Data
MAT233,Ferrite (Mn-Zn Ferrite),Mn0.5Zn0.5Fe2O4,Other technologically relevant materials,298,600,750.0,0.35,0.0,1.0,J/(kg*K),Polynomial,MatWeb — Fair-Rite MnZn Ferrite Specs
MAT234,Lanthanum Hexaboride,LaB6,Other technologically relevant materials,298,1800,115.616626,0.01189417,-2880156.1585,0.998792,J/(mol*K),Shomate,Materials Project — Materials Project Database (mp-1840)
MAT235,Cerium Hexaboride,CeB6,Other technologically relevant materials,298,1800,115.105008,0.01213823,-2821001.85052,0.998729,J/(mol*K),Shomate,AFLOW Database — AFLOW Materials Database
MAT236,Barium Fluoride (Optical),BaF2,Other technologically relevant materials,298,1500,71.182009,0.00713108,-999050.696528,0.999376,J/(mol*K),Shomate,"NIST Chemistry WebBook — Chase, M. W., NIST-JANAF Tables (1998)"
MAT237,Calcium Fluoride (Fluorite),CaF2,Other technologically relevant materials,298,1600,69.664914,0.00707674,-1064539.508001,0.999409,J/(mol*K),Shomate,"NIST Chemistry WebBook — Chase, M. W., NIST-JANAF Tables (1998)"
MAT238,Magnesium Fluoride,MgF2,Other technologically relevant materials,298,1500,68.11214,0.00774435,-1327470.888146,0.9994,J/(mol*K),Shomate,"NIST Chemistry WebBook — Chase, M. W., NIST-JANAF Tables (1998)"
MAT239,Lithium Fluoride,LiF,Other technologically relevant materials,298,1100,43.892113,0.0096749,-766390.447606,0.999761,J/(mol*K),Shomate,"NIST Chemistry WebBook — Chase, M. W., NIST-JANAF Tables (1998)"
MAT240,Zinc Sulfide (CVD Cleartran),ZnS,Other technologically relevant materials,298,1200,45.235872,0.0062667,-531393.21823,0.999878,J/(mol*K),Shomate,"NIST Chemistry WebBook — NIST Chemistry WebBook, SRD 69"
MAT241,Sapphire (Synthetic Al2O3),Al2O3,Other technologically relevant materials,298,1800,116.481385,0.01160473,-3801625.172082,0.997787,J/(mol*K),Shomate,"NIST Chemistry WebBook — Chase, M. W., NIST-JANAF Tables (1998)"
MAT242,YAG (Yttrium Aluminum Garnet),Y3Al5O12,Other technologically relevant materials,298,1600,443.589901,0.04150996,-9748468.243898,0.998759,J/(mol*K),Shomate,Materials Project — Materials Project Database (mp-3082)
MAT243,Nd:YAG Laser Crystal,Nd:Y3Al5O12,Other technologically relevant materials,298,1000,600.0,0.45,0.0,1.0,J/(kg*K),Polynomial,AZoM Materials Database — Laser Crystal Materials Data
MAT244,Lithium Niobate,LiNbO3,Other technologically relevant materials,298,1400,115.000472,0.01297963,-2491652.04537,0.999379,J/(mol*K),Shomate,Materials Project — Materials Project Database (mp-3731)
MAT245,Lithium Tantalate,LiTaO3,Other technologically relevant materials,298,1400,115.373275,0.01218951,-2254397.178798,0.999412,J/(mol*K),Shomate,Materials Project — Materials Project Database (mp-3694)
MAT246,Potassium Titanyl Phosphate (KTP),KTiOPO4,Other technologically relevant materials,298,1200,174.354231,0.02206849,-3867670.951732,0.99972,J/(mol*K),Shomate,Materials Project — Materials Project Database (mp-5415)
MAT247,Beta-Barium Borate (BBO),BaB2O4,Other technologically relevant materials,298,1100,141.850396,0.02124426,-3042778.733018,0.999835,J/(mol*K),Shomate,Materials Project — Materials Project Database (mp-8422)
MAT248,Germanium Dioxide (Rutile),GeO2,Other technologically relevant materials,298,1300,69.110986,0.00827177,-1532916.5551,0.999591,J/(mol*K),Shomate,"NIST Chemistry WebBook — Chase, M. W., NIST-JANAF Tables (1998)"
MAT249,Tellurium Dioxide (Paratellurite),TeO2,Other technologically relevant materials,298,1000,67.894116,0.01077646,-1547227.75713,0.999901,J/(mol*K),Shomate,"NIST Chemistry WebBook — Chase, M. W., NIST-JANAF Tables (1998)"
MAT250,Vanadium(IV) Oxide (VO2),VO2,Other technologically relevant materials,298,900,65.629279,0.01162194,-1368830.85951,0.999926,J/(mol*K),Shomate,Materials Project — Materials Project Database (mp-315)
MAT251,Tungsten Trioxide (Electrochromic),WO3,Other technologically relevant materials,298,1400,78.843969,0.01120787,-1981794.364456,0.999151,J/(mol*K),Shomate,"NIST Chemistry WebBook — Chase, M. W., NIST-JANAF Tables (1998)"
MAT252,Indium Tin Oxide (ITO),In2O3-10SnO2,Other technologically relevant materials,298,900,380.0,0.18,0.0,1.0,J/(kg*K),Polynomial,MatWeb — MatWeb Transparent Conducting Oxides
MAT253,Fluorine-Doped Tin Oxide (FTO),SnO2:F,Other technologically relevant materials,298,900,350.0,0.19,-0.0,1.0,J/(kg*K),Polynomial,MatWeb — MatWeb TCO Thin Films
